age,job,marital,education,default,balance,housing,loan,contact,day,month,duration,campaign,pdays,previous,poutcome,y
42,blue-collar,married,primary,no,2519,yes,no,unknown,15,may,262,4,-1,0,unknown,no
37,technician,married,secondary,no,2209,no,no,unknown,20,jun,167,2,-1,0,unknown,no
32,admin.,married,secondary,no,923,yes,no,cellular,17,apr,819,4,-1,0,unknown,no
53,blue-collar,married,primary,no,306,no,no,cellular,28,jul,388,3,181,1,success,yes
32,technician,single,tertiary,no,257,yes,no,unknown,2,jun,183,5,-1,0,unknown,no
28,admin.,single,secondary,no,-36,yes,no,cellular,18,may,379,1,-1,0,unknown,no
41,unemployed,married,secondary,no,0,no,no,cellular,31,jul,847,14,-1,0,unknown,no
36,admin.,single,secondary,no,3457,no,no,unknown,19,may,103,4,-1,0,unknown,no
44,blue-collar,married,secondary,no,236,yes,no,unknown,12,may,596,1,-1,0,unknown,no
28,blue-collar,single,secondary,no,1285,no,no,telephone,30,jan,199,2,2,17,other,no
35,blue-collar,single,secondary,no,-41,yes,no,unknown,2,jun,169,1,-1,0,unknown,no
50,entrepreneur,divorced,tertiary,no,315,no,no,cellular,8,jan,249,1,119,1,failure,no
31,services,married,secondary,no,0,no,yes,cellular,21,nov,208,1,-1,0,unknown,no
55,retired,married,secondary,no,1467,no,yes,cellular,29,jul,277,2,-1,0,unknown,no
31,entrepreneur,single,tertiary,no,1957,no,no,cellular,4,feb,112,3,-1,0,unknown,no
44,technician,divorced,secondary,no,-329,yes,no,unknown,7,may,171,1,-1,0,unknown,no
36,management,single,tertiary,no,1,yes,no,cellular,13,may,131,1,-1,0,unknown,no
70,management,married,tertiary,no,5563,no,no,cellular,6,feb,146,1,-1,0,unknown,no
37,blue-collar,divorced,secondary,yes,-689,no,no,unknown,18,jun,15,1,-1,0,unknown,no
30,technician,single,secondary,no,778,yes,no,cellular,18,may,22,2,346,2,failure,no
49,housemaid,divorced,primary,no,164,yes,no,unknown,9,may,1080,5,-1,0,unknown,no
35,unemployed,single,secondary,no,0,no,no,cellular,30,jul,740,3,-1,0,unknown,no
37,management,single,tertiary,no,2875,no,no,cellular,20,nov,110,2,-1,0,unknown,no
32,management,married,secondary,no,1477,yes,no,cellular,18,nov,111,1,-1,0,unknown,no
44,technician,divorced,secondary,no,0,yes,no,cellular,7,jul,835,4,-1,0,unknown,no
63,technician,married,secondary,no,896,yes,no,cellular,14,aug,276,2,-1,0,unknown,yes
31,technician,married,secondary,no,439,no,no,unknown,4,oct,5,1,-1,0,unknown,no
29,management,married,secondary,no,231,no,no,cellular,14,may,1075,1,14,1,failure,yes
38,entrepreneur,divorced,tertiary,no,7929,no,no,cellular,8,jul,182,3,-1,0,unknown,no
53,management,divorced,tertiary,no,5187,no,yes,cellular,17,nov,560,2,-1,0,unknown,no
30,technician,single,tertiary,no,1070,no,no,cellular,14,dec,446,2,-1,0,unknown,no
30,services,married,secondary,no,179,yes,no,unknown,28,may,64,1,-1,0,unknown,no
32,technician,married,secondary,no,286,no,no,cellular,20,apr,60,1,343,4,failure,no
35,services,married,secondary,no,630,yes,no,unknown,7,may,17,2,-1,0,unknown,no
28,student,single,tertiary,no,737,yes,no,unknown,27,may,125,1,-1,0,unknown,no
39,blue-collar,married,secondary,no,263,yes,no,cellular,18,nov,365,1,-1,0,unknown,no
56,blue-collar,married,primary,no,0,yes,no,cellular,17,jul,82,1,-1,0,unknown,no
32,technician,married,tertiary,no,2688,no,no,cellular,14,oct,216,1,57,1,failure,yes
37,blue-collar,single,unknown,no,217,no,no,cellular,23,sep,272,2,-1,0,unknown,yes
29,admin.,single,unknown,no,175,no,no,unknown,28,may,597,3,-1,0,unknown,no
51,blue-collar,divorced,unknown,no,10287,yes,no,unknown,29,may,117,1,-1,0,unknown,no
38,blue-collar,married,secondary,no,422,yes,no,cellular,11,may,286,3,-1,0,unknown,no
40,blue-collar,single,secondary,no,1066,yes,no,unknown,21,may,171,1,-1,0,unknown,no
34,admin.,single,secondary,no,4447,yes,no,cellular,2,jun,159,1,84,2,failure,no
48,technician,divorced,tertiary,no,2328,no,no,cellular,27,aug,129,7,-1,0,unknown,no
29,blue-collar,married,unknown,no,356,yes,no,unknown,4,jun,169,2,-1,0,unknown,no
60,retired,married,secondary,no,8332,no,no,cellular,16,mar,279,1,194,7,other,yes
43,services,married,primary,no,2567,yes,no,cellular,14,may,109,1,360,2,failure,no
30,technician,married,secondary,no,13,yes,yes,cellular,24,jul,205,1,-1,0,unknown,no
56,retired,married,secondary,no,1678,yes,no,unknown,15,may,79,1,-1,0,unknown,no
38,blue-collar,single,secondary,no,-1,yes,no,unknown,7,may,72,1,-1,0,unknown,no
28,student,single,secondary,no,1925,no,no,cellular,25,may,252,1,88,4,failure,yes
45,management,married,secondary,no,1134,no,yes,cellular,9,feb,102,4,-1,0,unknown,no
56,services,married,secondary,no,530,yes,no,unknown,20,may,51,7,-1,0,unknown,no
32,blue-collar,single,secondary,no,1415,yes,no,cellular,17,apr,645,1,345,1,failure,no
36,blue-collar,divorced,secondary,no,-11,no,no,unknown,5,jun,152,2,-1,0,unknown,no
34,services,married,secondary,no,-52,no,no,unknown,13,aug,12,1,-1,0,unknown,no
55,retired,divorced,tertiary,no,-458,yes,no,cellular,23,jul,1331,3,-1,0,unknown,no
40,technician,married,secondary,no,6,yes,no,cellular,16,jul,464,1,-1,0,unknown,no
48,admin.,divorced,secondary,no,295,yes,no,cellular,17,nov,123,1,164,2,success,no
34,blue-collar,single,primary,yes,-2,no,yes,cellular,7,jul,199,1,-1,0,unknown,no
39,unemployed,married,primary,no,1147,yes,yes,cellular,6,may,232,2,363,5,failure,no
51,admin.,married,secondary,no,0,no,no,unknown,5,jun,78,1,-1,0,unknown,no
48,technician,married,secondary,no,0,no,no,cellular,28,jan,142,1,-1,0,unknown,no
52,management,married,tertiary,no,249,yes,yes,telephone,7,may,100,1,-1,0,unknown,no
26,technician,single,tertiary,no,1972,yes,no,cellular,29,jan,221,2,-1,0,unknown,no
47,blue-collar,married,unknown,no,-345,yes,no,unknown,19,may,18,14,-1,0,unknown,no
43,admin.,single,secondary,no,733,yes,no,cellular,25,may,282,1,187,3,success,yes
57,retired,married,secondary,no,49,yes,yes,cellular,25,aug,93,4,-1,0,unknown,no
36,management,married,tertiary,no,0,no,no,cellular,27,aug,558,11,-1,0,unknown,no
54,blue-collar,married,secondary,no,-932,yes,no,unknown,7,may,799,1,-1,0,unknown,no
27,technician,divorced,secondary,no,162,yes,no,cellular,24,jul,203,1,-1,0,unknown,no
40,admin.,married,secondary,no,0,yes,yes,cellular,17,nov,57,1,-1,0,unknown,no
29,blue-collar,married,primary,no,243,no,yes,cellular,11,jul,109,2,-1,0,unknown,no
41,self-employed,divorced,tertiary,no,4418,yes,no,cellular,21,nov,855,3,-1,0,unknown,no
37,management,married,tertiary,no,655,no,no,unknown,28,may,244,3,-1,0,unknown,no
29,management,single,tertiary,no,726,yes,no,unknown,9,may,200,3,-1,0,unknown,no
46,blue-collar,married,primary,no,292,yes,no,cellular,20,apr,386,2,234,4,failure,no
53,entrepreneur,married,tertiary,no,1046,yes,yes,cellular,30,jul,50,20,-1,0,unknown,no
33,management,single,tertiary,no,1431,no,no,cellular,30,apr,94,1,85,2,failure,no
50,entrepreneur,married,tertiary,no,8649,yes,no,cellular,20,nov,141,1,-1,0,unknown,no
54,entrepreneur,married,secondary,no,2791,no,no,unknown,6,jun,94,1,-1,0,unknown,no
59,services,married,primary,no,31,no,no,unknown,16,jun,41,3,-1,0,unknown,no
37,management,divorced,tertiary,no,0,yes,no,cellular,6,aug,99,5,-1,0,unknown,no
37,technician,married,tertiary,no,8730,yes,no,unknown,6,may,149,1,-1,0,unknown,no
36,admin.,single,tertiary,no,1568,no,no,unknown,17,jun,433,2,-1,0,unknown,no
43,technician,single,secondary,no,451,no,no,cellular,12,aug,289,2,-1,0,unknown,yes
33,technician,married,unknown,no,0,no,no,unknown,8,may,345,2,-1,0,unknown,no
37,management,married,tertiary,no,6771,no,no,cellular,7,sep,337,1,186,1,success,yes
52,management,single,tertiary,no,37,no,no,cellular,7,jul,1284,1,-1,0,unknown,no
32,services,single,secondary,no,0,yes,no,cellular,31,jul,99,13,-1,0,unknown,no
34,management,married,tertiary,no,1778,no,no,cellular,5,feb,99,1,93,3,success,no
33,management,single,tertiary,no,275,no,no,cellular,18,nov,348,1,-1,0,unknown,no
37,management,single,tertiary,no,0,no,no,cellular,26,aug,99,6,-1,0,unknown,no
29,management,single,tertiary,no,1895,no,no,cellular,28,jul,97,6,-1,0,unknown,no
36,blue-collar,married,primary,yes,-1168,yes,no,unknown,29,may,216,7,-1,0,unknown,no
44,technician,married,primary,no,177,yes,no,unknown,19,may,197,4,-1,0,unknown,no
32,management,single,tertiary,no,1169,yes,no,unknown,21,may,322,2,-1,0,unknown,no
54,retired,married,primary,no,235,no,yes,cellular,21,nov,353,2,113,5,failure,no
29,blue-collar,married,secondary,no,-191,no,yes,cellular,14,jul,115,2,-1,0,unknown,no
31,admin.,married,secondary,no,377,no,no,cellular,31,jul,384,4,-1,0,unknown,no
36,admin.,married,tertiary,no,0,yes,no,cellular,22,jul,62,1,-1,0,unknown,no
49,management,divorced,secondary,no,4908,no,no,cellular,31,jul,42,4,-1,0,unknown,no
51,management,married,primary,yes,57,yes,yes,unknown,8,may,61,1,-1,0,unknown,no
47,admin.,married,unknown,no,0,yes,no,unknown,7,may,164,1,-1,0,unknown,no
27,blue-collar,single,secondary,no,-208,yes,no,unknown,21,may,127,2,-1,0,unknown,no
36,management,married,tertiary,no,369,no,no,cellular,8,aug,75,2,-1,0,unknown,no
47,self-employed,married,secondary,no,1803,no,no,cellular,30,jan,188,2,-1,0,unknown,no
52,management,divorced,tertiary,no,12,yes,no,unknown,30,may,33,5,-1,0,unknown,no
53,technician,divorced,secondary,no,751,yes,no,unknown,16,may,343,4,-1,0,unknown,no
56,self-employed,married,secondary,no,123,no,no,unknown,13,may,81,1,-1,0,unknown,no
40,admin.,divorced,secondary,no,220,yes,no,cellular,18,may,197,2,-1,0,unknown,no
40,entrepreneur,married,secondary,no,1349,no,no,cellular,20,nov,82,3,-1,0,unknown,no
27,blue-collar,single,secondary,no,5563,yes,no,unknown,30,may,435,2,-1,0,unknown,no
36,technician,married,secondary,no,197,yes,no,cellular,7,may,589,2,-1,0,unknown,no
39,admin.,married,tertiary,no,1322,yes,no,cellular,24,sep,157,3,486,1,other,no
38,technician,single,secondary,no,372,no,no,unknown,23,may,59,3,-1,0,unknown,no
44,self-employed,married,unknown,no,680,yes,no,telephone,30,jul,84,4,-1,0,unknown,no
37,services,married,primary,yes,-483,yes,yes,cellular,6,may,222,2,168,3,failure,no
38,technician,single,secondary,no,2079,yes,yes,unknown,29,may,122,1,-1,0,unknown,no
75,retired,divorced,primary,no,3881,yes,no,cellular,4,feb,136,3,-1,0,unknown,yes
43,blue-collar,married,primary,no,-404,yes,yes,cellular,12,may,205,2,306,1,failure,no
22,student,single,secondary,no,2412,yes,no,unknown,9,may,238,2,-1,0,unknown,no
31,admin.,divorced,secondary,no,1210,no,no,cellular,16,jul,350,1,-1,0,unknown,no
32,blue-collar,married,secondary,no,-1500,yes,no,unknown,27,may,157,2,-1,0,unknown,no
38,entrepreneur,married,tertiary,no,227,yes,no,cellular,4,feb,89,1,209,1,failure,no
30,blue-collar,married,secondary,no,1780,yes,no,unknown,28,may,116,12,-1,0,unknown,no
31,entrepreneur,single,secondary,no,37,no,no,cellular,8,aug,73,2,-1,0,unknown,no
33,management,single,tertiary,no,641,yes,no,cellular,4,feb,147,1,253,7,other,no
53,management,married,tertiary,no,597,no,no,unknown,22,feb,392,1,-1,0,unknown,yes
45,services,married,secondary,no,520,yes,no,unknown,15,may,714,4,-1,0,unknown,no
54,management,divorced,tertiary,no,12018,yes,no,cellular,21,dec,267,2,-1,0,unknown,yes
42,management,married,unknown,no,933,no,no,cellular,18,may,212,1,-1,0,unknown,no
35,entrepreneur,single,secondary,no,12961,yes,no,unknown,21,may,272,2,-1,0,unknown,no
31,housemaid,married,primary,no,-184,yes,no,cellular,24,jul,326,1,-1,0,unknown,no
72,retired,divorced,primary,no,0,no,no,telephone,28,aug,359,1,-1,0,unknown,no
67,retired,divorced,secondary,no,704,no,no,cellular,8,feb,186,2,97,1,success,yes
44,blue-collar,married,primary,no,-89,no,yes,cellular,23,jul,187,4,-1,0,unknown,no
30,management,single,tertiary,no,1692,yes,no,cellular,15,may,251,1,-1,0,unknown,no
34,blue-collar,married,primary,no,3,yes,no,cellular,13,may,369,2,-1,0,unknown,no
36,blue-collar,divorced,secondary,no,719,yes,no,unknown,13,may,1052,1,-1,0,unknown,no
43,technician,married,secondary,no,282,no,yes,cellular,21,nov,48,2,-1,0,unknown,no
31,technician,married,secondary,no,141,no,no,cellular,20,aug,110,2,-1,0,unknown,no
28,admin.,married,secondary,no,-247,yes,yes,cellular,30,jan,121,1,240,2,failure,no
36,self-employed,single,tertiary,no,577,yes,no,cellular,15,may,33,1,298,1,failure,no
34,technician,married,secondary,yes,91,no,no,cellular,29,aug,67,4,-1,0,unknown,no
40,blue-collar,married,primary,no,117,yes,no,unknown,19,jun,172,3,-1,0,unknown,no
36,blue-collar,married,primary,no,272,no,no,unknown,11,jun,222,2,-1,0,unknown,no
36,blue-collar,married,secondary,no,0,yes,no,telephone,8,may,91,2,170,2,failure,no
31,admin.,single,secondary,no,43,no,no,unknown,1,jul,484,1,-1,0,unknown,no
32,blue-collar,single,secondary,no,82,yes,no,cellular,28,jul,86,4,-1,0,unknown,no
53,technician,married,tertiary,no,476,yes,no,cellular,28,jan,160,1,-1,0,unknown,no
44,admin.,divorced,secondary,no,397,yes,yes,cellular,16,feb,127,1,257,1,other,yes
55,management,married,tertiary,no,685,yes,no,unknown,5,may,174,3,-1,0,unknown,no
50,management,married,tertiary,no,1822,yes,no,cellular,20,apr,6,1,-1,0,unknown,no
30,entrepreneur,married,primary,no,2686,yes,no,cellular,15,jul,808,3,-1,0,unknown,yes
38,technician,married,tertiary,no,432,yes,no,cellular,15,may,10,2,373,1,other,no
51,blue-collar,married,secondary,no,26,yes,no,unknown,5,may,79,1,-1,0,unknown,no
60,self-employed,single,secondary,no,312,yes,no,unknown,2,jun,210,2,-1,0,unknown,no
31,unemployed,married,secondary,no,31,yes,no,cellular,15,jul,211,6,-1,0,unknown,no
43,management,single,tertiary,no,946,no,no,telephone,28,aug,40,1,-1,0,unknown,no
22,blue-collar,single,secondary,no,3992,yes,yes,unknown,19,may,194,2,-1,0,unknown,no
48,unemployed,married,secondary,no,3287,yes,yes,cellular,20,apr,242,2,307,1,failure,no
59,management,married,tertiary,no,1069,no,no,cellular,29,jul,85,2,-1,0,unknown,no
25,services,single,secondary,no,-41,no,yes,cellular,14,jul,114,2,-1,0,unknown,no
29,unemployed,married,secondary,no,-25,yes,no,cellular,17,jul,143,1,-1,0,unknown,no
56,management,single,tertiary,no,545,yes,no,cellular,29,jan,86,1,-1,0,unknown,no
31,blue-collar,single,secondary,no,53,yes,no,unknown,7,may,446,1,-1,0,unknown,no
34,management,single,tertiary,no,2015,no,no,unknown,21,may,388,1,-1,0,unknown,no
50,blue-collar,married,primary,no,-294,yes,no,unknown,6,jun,79,3,-1,0,unknown,no
53,technician,married,secondary,no,1835,yes,no,cellular,21,nov,184,2,-1,0,unknown,no
37,admin.,married,secondary,no,1314,yes,no,cellular,21,aug,200,1,91,10,failure,no
30,technician,single,tertiary,no,3,yes,no,unknown,7,may,174,1,-1,0,unknown,no
42,management,married,unknown,no,342,yes,no,unknown,2,jun,156,5,-1,0,unknown,no
39,management,married,unknown,no,4800,no,no,unknown,12,jun,135,3,-1,0,unknown,no
50,services,married,primary,no,-15,no,yes,unknown,2,jul,71,1,-1,0,unknown,no
40,unemployed,married,secondary,no,1872,no,no,cellular,21,nov,112,1,-1,0,unknown,no
30,admin.,married,primary,no,9,yes,yes,cellular,16,apr,323,1,-1,0,unknown,no
46,services,divorced,secondary,no,864,yes,no,cellular,18,nov,105,5,188,2,failure,no
49,blue-collar,married,primary,no,490,yes,no,telephone,18,may,19,5,364,2,failure,no
42,technician,single,secondary,no,541,yes,no,cellular,5,feb,656,1,-1,0,unknown,yes
36,technician,single,secondary,no,2511,yes,no,cellular,16,apr,700,5,-1,0,unknown,yes
54,blue-collar,married,secondary,no,1487,yes,no,unknown,14,may,302,16,-1,0,unknown,no
50,management,married,tertiary,no,5108,yes,no,cellular,18,dec,406,1,182,2,failure,yes
49,technician,married,secondary,no,10,no,no,cellular,29,aug,135,2,-1,0,unknown,no
28,blue-collar,married,secondary,no,1843,yes,no,cellular,20,apr,415,2,-1,0,unknown,no
51,housemaid,divorced,primary,no,127,no,no,unknown,13,sep,69,1,-1,0,unknown,no
49,technician,married,secondary,no,-215,yes,no,unknown,26,may,155,2,-1,0,unknown,no
48,management,divorced,tertiary,no,503,no,yes,unknown,12,jun,1243,7,-1,0,unknown,yes
47,blue-collar,married,primary,no,2749,yes,no,cellular,30,apr,774,2,164,1,failure,yes
46,blue-collar,married,primary,no,2023,yes,no,cellular,21,nov,118,1,-1,0,unknown,no
43,admin.,single,secondary,no,445,yes,no,unknown,19,may,546,2,-1,0,unknown,no
47,blue-collar,married,unknown,no,878,yes,no,cellular,13,may,245,4,-1,0,unknown,no
60,management,married,tertiary,no,3029,no,no,cellular,28,aug,26,9,-1,0,unknown,no
23,housemaid,single,secondary,no,650,yes,no,cellular,14,may,136,1,367,4,failure,no
26,blue-collar,single,secondary,no,249,yes,no,cellular,29,jan,235,3,262,5,failure,no
43,admin.,divorced,secondary,no,587,yes,no,cellular,17,jul,282,1,-1,0,unknown,no
44,admin.,divorced,secondary,no,4353,yes,no,cellular,15,jul,90,1,-1,0,unknown,no
45,management,married,tertiary,no,409,no,no,unknown,11,jun,144,1,-1,0,unknown,no
32,student,single,unknown,no,1583,yes,no,unknown,20,may,57,1,-1,0,unknown,no
54,management,married,tertiary,no,0,no,no,cellular,5,aug,214,3,-1,0,unknown,no
29,technician,single,secondary,no,205,yes,no,cellular,17,apr,218,1,340,3,failure,no
35,admin.,married,tertiary,no,690,no,no,cellular,16,oct,108,1,-1,0,unknown,no
31,unemployed,single,secondary,no,8304,no,no,cellular,20,oct,164,1,183,1,failure,no
31,management,married,tertiary,no,-513,no,yes,cellular,7,jul,124,1,-1,0,unknown,no
60,blue-collar,married,primary,no,7929,no,no,unknown,1,apr,111,1,-1,0,unknown,yes
60,retired,married,tertiary,no,2868,no,no,unknown,20,jun,42,7,-1,0,unknown,no
35,technician,married,secondary,no,746,no,yes,cellular,27,jan,240,1,-1,0,unknown,no
33,management,divorced,tertiary,no,2695,yes,no,cellular,12,aug,711,3,-1,0,unknown,no
52,technician,married,secondary,no,0,no,no,cellular,29,aug,67,2,-1,0,unknown,no
28,technician,single,secondary,no,1363,no,no,cellular,27,feb,79,1,-1,0,unknown,yes
37,management,married,tertiary,no,4436,no,no,cellular,13,aug,846,5,-1,0,unknown,yes
41,self-employed,single,tertiary,no,10346,no,no,cellular,14,dec,352,1,182,3,success,no
35,blue-collar,married,primary,no,0,yes,no,unknown,6,may,154,2,-1,0,unknown,no
45,blue-collar,married,primary,no,1951,no,no,cellular,12,aug,73,2,-1,0,unknown,no
32,admin.,single,tertiary,no,902,yes,no,cellular,18,may,50,7,-1,0,unknown,no
56,retired,married,secondary,no,1454,no,no,telephone,30,jan,479,1,-1,0,unknown,no
28,student,single,secondary,no,101,no,no,cellular,28,jan,90,1,-1,0,unknown,no
55,admin.,married,secondary,no,6205,no,no,cellular,6,may,233,2,-1,0,unknown,no
29,blue-collar,married,secondary,no,3007,yes,no,cellular,20,apr,19,5,-1,0,unknown,no
58,blue-collar,divorced,secondary,no,314,no,no,unknown,25,jun,67,2,-1,0,unknown,no
55,technician,married,secondary,no,891,no,no,unknown,19,jun,268,1,-1,0,unknown,no
31,services,divorced,secondary,no,81,yes,no,cellular,16,apr,139,1,-1,0,unknown,no
56,services,married,secondary,no,22196,yes,no,cellular,21,nov,189,1,-1,0,unknown,no
33,technician,single,secondary,no,1500,no,no,cellular,7,aug,133,4,-1,0,unknown,no
33,technician,married,secondary,no,2,no,no,cellular,28,aug,385,7,-1,0,unknown,no
48,admin.,divorced,secondary,no,2662,no,no,unknown,6,jun,298,2,-1,0,unknown,no
57,services,married,secondary,no,1556,yes,no,cellular,20,nov,340,1,-1,0,unknown,no
50,blue-collar,married,primary,no,1203,yes,yes,unknown,28,may,66,7,-1,0,unknown,no
29,admin.,single,secondary,no,596,yes,no,cellular,18,may,172,2,346,6,failure,no
34,technician,married,secondary,no,456,yes,no,unknown,23,may,621,1,-1,0,unknown,no
31,technician,single,secondary,no,579,yes,yes,cellular,17,apr,469,3,322,15,other,no
58,admin.,married,secondary,no,1455,yes,no,cellular,21,jul,119,1,-1,0,unknown,no
31,services,single,secondary,no,8,no,no,cellular,7,jul,340,3,-1,0,unknown,no
50,blue-collar,married,secondary,no,616,yes,no,cellular,6,aug,439,6,-1,0,unknown,no
47,blue-collar,married,primary,no,176,yes,no,unknown,30,may,35,1,-1,0,unknown,no
43,blue-collar,married,secondary,no,960,yes,no,unknown,15,may,436,1,-1,0,unknown,no
31,management,married,tertiary,no,91,no,no,unknown,27,may,145,2,-1,0,unknown,no
46,blue-collar,married,primary,no,1,yes,yes,telephone,10,jul,270,7,-1,0,unknown,no
26,unemployed,single,secondary,no,632,no,no,cellular,12,feb,218,1,-1,0,unknown,yes
40,management,married,tertiary,no,384,no,no,unknown,28,may,191,2,-1,0,unknown,no
46,admin.,divorced,secondary,no,-637,yes,no,cellular,8,may,218,1,172,1,failure,no
57,self-employed,married,tertiary,no,894,yes,no,cellular,18,nov,79,1,-1,0,unknown,no
33,management,married,tertiary,no,2213,no,no,cellular,18,feb,240,1,385,9,failure,no
48,technician,divorced,secondary,no,164,yes,no,unknown,12,may,139,2,-1,0,unknown,no
34,entrepreneur,married,primary,no,165,yes,no,cellular,17,apr,182,2,329,1,failure,no
57,management,married,tertiary,no,1963,no,yes,cellular,8,aug,178,3,-1,0,unknown,no
37,technician,single,secondary,no,0,no,no,unknown,5,jun,80,2,-1,0,unknown,no
44,self-employed,divorced,tertiary,no,1070,yes,no,cellular,12,aug,137,2,104,3,success,yes
57,housemaid,married,primary,no,260,yes,no,unknown,16,may,38,3,-1,0,unknown,no
30,technician,single,tertiary,no,3,yes,no,cellular,6,may,45,2,169,2,failure,no
48,services,married,secondary,no,127,no,no,cellular,8,jul,117,1,-1,0,unknown,no
51,entrepreneur,married,secondary,no,-799,no,yes,cellular,15,jul,1001,3,-1,0,unknown,yes
60,technician,married,secondary,no,2389,yes,yes,cellular,4,may,287,1,-1,0,unknown,no
37,management,married,tertiary,no,1967,yes,no,cellular,27,may,774,1,-1,0,unknown,no
58,retired,married,primary,no,1351,yes,no,telephone,17,apr,392,3,-1,0,unknown,no
49,admin.,married,tertiary,no,8413,no,no,cellular,19,aug,131,6,-1,0,unknown,no
26,admin.,single,secondary,no,-35,no,yes,cellular,8,jul,304,1,-1,0,unknown,no
38,technician,married,tertiary,no,206,no,no,cellular,8,apr,350,2,-1,0,unknown,yes
55,retired,married,secondary,no,1126,yes,no,telephone,28,jul,388,2,-1,0,unknown,no
37,unemployed,married,primary,no,941,no,no,cellular,2,feb,280,1,-1,0,unknown,no
33,blue-collar,married,primary,no,1138,yes,yes,cellular,15,may,122,2,343,4,failure,no
32,blue-collar,single,secondary,no,235,yes,no,cellular,12,may,482,1,-1,0,unknown,no
57,retired,married,secondary,no,1354,no,no,cellular,31,jul,131,9,-1,0,unknown,no
44,services,married,secondary,no,522,no,yes,unknown,20,jun,911,1,-1,0,unknown,yes
54,management,married,tertiary,no,12,no,no,telephone,31,jul,77,4,-1,0,unknown,no
48,blue-collar,single,primary,no,396,yes,no,unknown,12,may,194,3,-1,0,unknown,no
39,blue-collar,married,primary,no,532,yes,no,cellular,31,jul,786,2,-1,0,unknown,no
44,management,married,tertiary,no,-692,no,yes,cellular,21,nov,52,2,-1,0,unknown,no
57,unemployed,married,primary,no,2743,no,no,cellular,29,jan,89,1,-1,0,unknown,no
39,housemaid,married,tertiary,no,2990,no,no,telephone,30,apr,127,4,-1,0,unknown,no
46,housemaid,married,primary,no,201,yes,no,cellular,21,jul,91,1,-1,0,unknown,no
39,services,divorced,secondary,no,-152,yes,no,cellular,3,apr,179,3,-1,0,unknown,no
34,technician,single,secondary,no,194,yes,yes,cellular,15,may,1015,1,-1,0,unknown,yes
36,self-employed,single,secondary,no,15,no,no,cellular,18,nov,186,2,-1,0,unknown,no
29,management,single,tertiary,no,5980,yes,no,unknown,28,may,317,1,-1,0,unknown,no
30,technician,married,secondary,no,854,yes,no,unknown,2,jun,163,2,-1,0,unknown,no
56,blue-collar,married,primary,no,0,no,no,unknown,27,jun,291,2,-1,0,unknown,no
37,admin.,married,secondary,no,-557,yes,yes,cellular,15,may,284,15,-1,0,unknown,no
38,blue-collar,single,primary,no,3132,no,no,cellular,5,feb,304,1,-1,0,unknown,no
40,blue-collar,divorced,unknown,no,1171,yes,no,unknown,29,may,431,2,-1,0,unknown,no
25,admin.,single,secondary,no,4590,yes,no,unknown,28,may,199,2,-1,0,unknown,no
30,blue-collar,married,secondary,no,658,yes,no,cellular,17,apr,99,3,267,1,failure,no
37,management,married,tertiary,no,3841,no,no,cellular,11,jul,69,2,-1,0,unknown,no
39,services,married,secondary,no,1438,yes,no,unknown,20,may,212,2,-1,0,unknown,no
24,student,single,tertiary,no,1535,yes,no,unknown,12,may,126,2,-1,0,unknown,no
42,blue-collar,married,secondary,no,1288,yes,no,telephone,2,feb,18,1,-1,0,unknown,no
30,technician,single,secondary,no,458,no,no,cellular,20,nov,51,7,-1,0,unknown,no
25,student,single,unknown,no,839,no,no,cellular,15,mar,109,1,181,2,other,no
31,blue-collar,married,secondary,no,8,yes,no,cellular,8,may,98,2,170,1,failure,no
34,management,single,tertiary,no,621,yes,no,cellular,17,nov,97,1,-1,0,unknown,no
59,blue-collar,married,primary,no,14,yes,yes,cellular,18,nov,319,2,182,1,failure,no
44,self-employed,married,secondary,no,304,yes,no,telephone,9,feb,15,5,-1,0,unknown,no
53,blue-collar,married,unknown,no,-491,yes,no,unknown,20,jun,124,4,-1,0,unknown,no
31,blue-collar,single,secondary,no,54,yes,no,cellular,29,jun,401,1,-1,0,unknown,yes
47,blue-collar,married,primary,no,3451,no,yes,cellular,21,nov,125,2,-1,0,unknown,no
40,blue-collar,married,secondary,no,1039,yes,no,cellular,20,nov,57,2,-1,0,unknown,no
45,technician,married,primary,no,-158,yes,no,cellular,12,may,317,2,-1,0,unknown,no
30,management,divorced,tertiary,no,0,no,no,cellular,22,aug,209,2,-1,0,unknown,no
38,technician,married,secondary,no,751,yes,no,cellular,3,apr,125,1,-1,0,unknown,no
38,management,married,unknown,no,933,no,no,unknown,20,jun,95,2,-1,0,unknown,no
28,management,single,tertiary,no,1252,yes,yes,cellular,8,jul,319,4,-1,0,unknown,no
36,blue-collar,single,primary,no,49,yes,no,unknown,8,may,405,1,-1,0,unknown,no
31,technician,single,tertiary,no,3194,no,no,cellular,11,aug,140,2,-1,0,unknown,no
52,blue-collar,married,secondary,no,2206,yes,no,unknown,15,may,875,5,-1,0,unknown,no
32,blue-collar,married,secondary,no,2561,yes,no,unknown,20,may,135,2,-1,0,unknown,no
24,blue-collar,single,unknown,no,11,yes,no,unknown,13,may,109,2,-1,0,unknown,no
30,admin.,married,secondary,no,60,no,yes,cellular,25,jul,61,2,-1,0,unknown,no
55,blue-collar,married,primary,no,283,no,yes,cellular,9,jul,115,1,-1,0,unknown,no
54,management,married,tertiary,no,2216,yes,no,cellular,13,oct,167,1,-1,0,unknown,no
45,blue-collar,married,tertiary,no,47,yes,no,cellular,28,jan,1972,2,-1,0,unknown,no
36,services,single,secondary,no,248,yes,no,unknown,7,may,90,2,-1,0,unknown,no
38,housemaid,married,primary,no,3918,no,no,cellular,27,aug,101,3,-1,0,unknown,no
59,management,married,tertiary,no,138,yes,yes,cellular,16,nov,162,2,187,5,failure,no
33,admin.,divorced,secondary,no,212,yes,no,unknown,7,jan,23,1,-1,0,unknown,no
61,retired,married,secondary,no,483,no,no,cellular,23,apr,164,1,-1,0,unknown,no
54,management,married,tertiary,no,446,no,no,cellular,3,mar,133,4,102,4,other,no
31,blue-collar,single,primary,no,985,yes,no,unknown,12,may,178,2,-1,0,unknown,no
33,technician,married,secondary,no,1264,no,yes,cellular,8,aug,100,6,-1,0,unknown,no
44,blue-collar,married,secondary,no,144,yes,no,unknown,5,may,247,2,-1,0,unknown,no
24,technician,single,secondary,no,-256,yes,no,unknown,26,may,110,2,-1,0,unknown,no
47,entrepreneur,married,tertiary,no,0,no,no,cellular,16,feb,261,2,-1,0,unknown,yes
31,entrepreneur,married,secondary,no,162,yes,yes,cellular,11,may,0,2,-1,0,unknown,no
30,services,married,secondary,no,0,yes,no,cellular,7,may,512,1,-1,0,unknown,no
46,blue-collar,married,primary,no,14,no,no,cellular,7,jul,407,1,-1,0,unknown,no
35,management,single,tertiary,no,1599,yes,yes,cellular,13,apr,407,1,-1,0,unknown,yes
33,blue-collar,married,secondary,no,2366,yes,no,cellular,11,may,249,1,356,2,failure,no
27,services,single,secondary,no,4923,yes,no,unknown,19,may,57,7,-1,0,unknown,no
33,technician,married,tertiary,no,8023,no,no,cellular,30,nov,107,1,105,3,failure,no
50,services,married,secondary,no,961,no,yes,cellular,14,aug,757,4,-1,0,unknown,no
33,management,single,tertiary,no,54,no,no,unknown,7,may,262,2,-1,0,unknown,no
32,blue-collar,divorced,secondary,no,201,yes,no,cellular,15,may,63,8,365,24,other,no
37,management,divorced,primary,yes,0,yes,no,telephone,24,jul,305,1,-1,0,unknown,no
26,unemployed,single,tertiary,no,102,no,no,cellular,28,jul,377,2,-1,0,unknown,no
26,self-employed,single,tertiary,no,657,no,yes,cellular,17,mar,159,2,-1,0,unknown,no
76,self-employed,married,unknown,no,4984,no,no,telephone,28,apr,403,1,182,1,success,yes
52,entrepreneur,married,tertiary,no,618,yes,yes,unknown,14,may,166,2,-1,0,unknown,no
28,entrepreneur,single,unknown,no,1306,yes,no,unknown,19,may,396,3,-1,0,unknown,no
36,blue-collar,married,secondary,no,0,yes,no,cellular,17,nov,273,2,131,1,failure,no
78,retired,married,primary,no,832,no,no,telephone,11,may,97,3,-1,0,unknown,no
30,management,single,tertiary,no,171,no,no,cellular,25,aug,301,4,-1,0,unknown,no
33,admin.,single,secondary,no,-281,yes,yes,cellular,20,nov,282,1,-1,0,unknown,no
39,management,married,tertiary,no,1654,no,yes,cellular,21,nov,151,1,-1,0,unknown,no
58,technician,married,secondary,no,1463,yes,no,cellular,12,aug,110,3,-1,0,unknown,no
51,technician,married,secondary,no,113,no,no,cellular,19,nov,193,1,-1,0,unknown,no
55,retired,married,tertiary,no,101,yes,no,cellular,9,jul,111,1,-1,0,unknown,no
40,technician,single,secondary,no,153,no,no,cellular,7,aug,125,2,-1,0,unknown,no
45,technician,married,secondary,no,1831,no,no,cellular,27,may,275,2,-1,0,unknown,yes
32,blue-collar,single,primary,no,1660,no,no,unknown,20,may,14,1,-1,0,unknown,no
45,technician,married,secondary,no,315,yes,no,cellular,30,jun,103,1,-1,0,unknown,no
55,entrepreneur,divorced,tertiary,no,1730,no,no,cellular,17,nov,89,2,118,3,failure,no
33,technician,married,secondary,yes,72,yes,no,unknown,6,may,623,1,-1,0,unknown,no
42,management,married,tertiary,no,6060,yes,no,cellular,30,apr,316,1,350,2,failure,yes
34,management,married,tertiary,no,273,yes,no,cellular,20,nov,308,1,188,1,success,no
34,technician,single,secondary,no,302,yes,no,unknown,14,may,282,1,-1,0,unknown,no
59,technician,married,secondary,no,1866,no,no,telephone,3,feb,288,2,215,1,other,no
31,self-employed,married,tertiary,no,3220,no,no,cellular,26,aug,74,4,-1,0,unknown,no
39,management,divorced,tertiary,no,6,yes,no,cellular,28,jan,139,2,-1,0,unknown,no
44,technician,married,secondary,no,366,no,yes,cellular,18,aug,212,12,-1,0,unknown,no
54,admin.,married,secondary,no,263,no,yes,telephone,29,jan,283,4,195,7,failure,no
45,technician,married,secondary,no,366,no,yes,cellular,3,feb,235,2,169,12,failure,no
37,self-employed,married,tertiary,no,144,yes,no,unknown,5,jun,247,2,-1,0,unknown,no
53,management,married,secondary,no,51,yes,no,cellular,17,apr,109,1,-1,0,unknown,no
51,services,divorced,secondary,no,65,no,yes,cellular,15,jul,881,1,-1,0,unknown,yes
50,unemployed,married,secondary,no,193,yes,no,unknown,18,jun,305,6,-1,0,unknown,no
33,management,married,tertiary,no,0,yes,no,unknown,6,may,290,1,-1,0,unknown,no
37,unemployed,single,secondary,no,1020,yes,no,cellular,15,jul,348,1,-1,0,unknown,no
39,retired,single,primary,no,-79,no,no,unknown,9,may,180,1,-1,0,unknown,no
49,blue-collar,married,primary,no,902,no,no,unknown,9,jun,210,2,-1,0,unknown,no
35,blue-collar,single,secondary,no,270,yes,no,cellular,17,apr,216,1,-1,0,unknown,no
33,services,married,secondary,no,740,no,yes,unknown,30,jun,266,3,-1,0,unknown,no
30,blue-collar,single,secondary,no,-390,yes,no,cellular,5,may,275,1,-1,0,unknown,no
30,admin.,single,tertiary,no,33,yes,no,cellular,25,jul,396,1,-1,0,unknown,no
57,self-employed,married,secondary,no,7747,no,no,cellular,7,aug,102,2,-1,0,unknown,no
39,blue-collar,single,secondary,no,29,yes,no,unknown,7,may,214,2,-1,0,unknown,no
30,management,married,tertiary,no,3330,no,no,cellular,7,aug,109,6,-1,0,unknown,no
36,unemployed,married,secondary,no,-129,yes,no,cellular,29,jul,121,3,-1,0,unknown,no
38,entrepreneur,married,secondary,no,0,yes,yes,cellular,17,nov,258,1,-1,0,unknown,no
54,management,married,tertiary,no,2960,yes,no,cellular,13,feb,94,9,85,1,failure,no
56,blue-collar,married,secondary,no,324,no,no,cellular,18,aug,213,5,-1,0,unknown,no
42,management,married,tertiary,no,294,no,no,cellular,26,aug,513,1,-1,0,unknown,yes
47,blue-collar,married,secondary,no,11305,no,no,cellular,22,aug,118,6,-1,0,unknown,no
39,blue-collar,married,secondary,no,23,yes,no,unknown,12,may,22,5,-1,0,unknown,no
40,management,married,tertiary,no,1777,yes,no,cellular,18,nov,81,4,-1,0,unknown,no
45,blue-collar,married,primary,no,246,yes,no,unknown,14,may,263,1,-1,0,unknown,no
35,blue-collar,married,secondary,no,4635,yes,no,unknown,20,may,148,1,-1,0,unknown,no
35,self-employed,married,tertiary,no,7990,yes,no,cellular,4,feb,357,1,-1,0,unknown,no
30,technician,single,secondary,no,3144,no,no,cellular,19,may,212,2,-1,0,unknown,yes
46,services,married,secondary,no,9,no,no,unknown,16,may,297,4,-1,0,unknown,no
52,retired,married,secondary,no,1956,no,no,unknown,6,jun,384,2,-1,0,unknown,no
51,services,married,primary,no,56,no,yes,cellular,24,jul,149,2,-1,0,unknown,no
57,management,married,tertiary,no,1357,yes,yes,cellular,18,nov,97,2,-1,0,unknown,no
41,admin.,married,secondary,no,705,yes,no,unknown,13,may,205,1,-1,0,unknown,no
48,services,married,secondary,no,1355,no,no,cellular,12,aug,409,7,-1,0,unknown,no
55,services,married,primary,no,269,no,no,cellular,25,aug,89,4,-1,0,unknown,no
50,technician,married,secondary,no,20,yes,no,cellular,9,jul,95,1,-1,0,unknown,no
35,management,married,tertiary,no,451,yes,no,cellular,17,apr,220,6,-1,0,unknown,no
34,unemployed,married,secondary,no,6438,yes,no,cellular,21,nov,21,7,-1,0,unknown,no
30,services,married,secondary,no,227,no,yes,unknown,3,jun,23,1,-1,0,unknown,no
34,blue-collar,married,primary,no,6575,yes,no,unknown,26,may,405,4,-1,0,unknown,no
40,self-employed,divorced,secondary,no,1876,no,yes,unknown,20,jun,269,1,-1,0,unknown,no
40,admin.,married,secondary,no,-666,yes,no,unknown,27,may,107,2,-1,0,unknown,no
26,services,married,secondary,no,104,no,no,unknown,14,may,7,1,-1,0,unknown,no
31,blue-collar,married,secondary,no,897,yes,no,unknown,20,may,26,2,-1,0,unknown,no
59,management,married,tertiary,no,281,no,no,cellular,8,jul,430,2,-1,0,unknown,no
30,management,single,tertiary,no,382,yes,no,cellular,21,jul,200,2,-1,0,unknown,no
39,blue-collar,married,secondary,no,-99,no,no,cellular,17,jul,260,1,-1,0,unknown,no
21,student,single,secondary,no,2488,no,no,cellular,12,oct,180,1,-1,0,unknown,yes
52,management,married,secondary,no,-588,yes,no,cellular,22,jul,81,4,-1,0,unknown,no
34,technician,married,secondary,no,1,no,yes,unknown,25,jun,53,1,-1,0,unknown,no
58,retired,divorced,primary,no,2745,no,yes,cellular,15,apr,469,1,-1,0,unknown,no
78,retired,divorced,secondary,no,3219,no,no,cellular,24,feb,151,1,-1,0,unknown,yes
39,management,divorced,tertiary,no,224,no,no,cellular,5,apr,208,1,-1,0,unknown,yes
54,admin.,divorced,secondary,no,791,no,yes,cellular,10,jul,66,1,-1,0,unknown,no
27,blue-collar,married,unknown,no,-442,yes,no,unknown,30,may,85,7,-1,0,unknown,no
66,housemaid,married,secondary,no,1929,no,no,cellular,2,feb,169,1,-1,0,unknown,no
45,technician,married,tertiary,no,377,yes,no,unknown,19,jun,835,3,-1,0,unknown,yes
39,technician,single,secondary,no,69,no,no,cellular,26,aug,183,3,-1,0,unknown,no
35,admin.,divorced,secondary,no,183,no,yes,cellular,6,feb,12,7,217,1,failure,no
54,management,married,tertiary,no,67,yes,no,cellular,2,feb,161,3,73,1,other,no
39,management,married,primary,no,738,yes,yes,cellular,18,jul,215,3,-1,0,unknown,no
57,retired,married,tertiary,no,42,no,no,cellular,29,aug,68,4,-1,0,unknown,no
49,housemaid,married,primary,no,3376,no,no,unknown,9,jun,119,3,-1,0,unknown,no
37,housemaid,married,primary,no,2410,no,no,cellular,4,aug,315,1,-1,0,unknown,no
42,services,divorced,secondary,no,11177,yes,no,cellular,14,may,229,6,373,1,other,no
57,management,married,tertiary,no,1636,no,no,cellular,17,nov,123,1,-1,0,unknown,no
46,blue-collar,married,primary,no,185,no,no,cellular,25,aug,226,10,-1,0,unknown,no
34,management,married,tertiary,no,6808,yes,no,cellular,21,nov,8,3,-1,0,unknown,no
41,housemaid,married,secondary,no,13,no,no,cellular,11,aug,155,4,-1,0,unknown,no
49,blue-collar,married,primary,no,923,no,no,unknown,20,jun,471,2,-1,0,unknown,no
38,services,single,primary,no,-87,yes,no,cellular,13,may,531,1,-1,0,unknown,no
32,technician,divorced,secondary,no,-262,yes,no,telephone,28,aug,85,24,-1,0,unknown,no
29,management,single,tertiary,no,-158,yes,no,unknown,28,may,399,1,-1,0,unknown,no
34,blue-collar,married,primary,no,6718,no,no,cellular,13,jan,278,4,97,1,other,no
47,management,married,tertiary,no,1028,no,yes,cellular,17,nov,55,1,-1,0,unknown,no
48,services,single,secondary,no,2749,no,no,cellular,19,nov,442,1,-1,0,unknown,no
37,admin.,single,secondary,no,686,yes,no,cellular,5,may,253,3,280,2,failure,no
36,technician,married,secondary,no,2394,no,no,cellular,14,aug,184,2,-1,0,unknown,no
33,management,single,secondary,no,-298,no,no,cellular,22,aug,168,2,-1,0,unknown,no
30,admin.,married,tertiary,no,400,yes,no,cellular,7,may,223,1,-1,0,unknown,no
37,management,single,tertiary,no,553,no,no,cellular,12,aug,63,2,-1,0,unknown,no
35,technician,married,secondary,no,650,yes,no,cellular,14,may,241,2,349,2,failure,no
34,management,married,tertiary,no,11,yes,no,cellular,18,nov,123,1,124,1,failure,no
31,technician,single,tertiary,no,2530,yes,no,cellular,16,apr,60,1,342,1,failure,no
34,admin.,married,secondary,no,2,yes,no,cellular,25,jul,137,11,-1,0,unknown,no
46,management,married,tertiary,no,699,no,no,cellular,2,feb,241,1,-1,0,unknown,no
31,self-employed,married,tertiary,no,259,yes,no,cellular,7,may,47,1,-1,0,unknown,no
26,blue-collar,married,primary,no,40,no,yes,cellular,28,jul,49,3,-1,0,unknown,no
32,management,married,tertiary,no,3442,no,no,cellular,18,nov,475,1,-1,0,unknown,no
21,blue-collar,single,secondary,yes,-59,yes,yes,unknown,4,jun,83,1,-1,0,unknown,no
33,entrepreneur,single,tertiary,no,99,no,yes,cellular,31,jul,192,3,-1,0,unknown,no
32,management,married,tertiary,no,183,yes,no,cellular,7,aug,112,3,-1,0,unknown,no
31,unemployed,married,secondary,no,3242,no,no,unknown,25,jun,292,2,-1,0,unknown,no
37,services,single,secondary,no,-196,yes,no,unknown,7,may,207,1,-1,0,unknown,no
59,entrepreneur,married,tertiary,no,1728,no,no,cellular,7,jul,575,2,-1,0,unknown,no
32,technician,married,secondary,no,5,yes,no,cellular,17,nov,114,1,-1,0,unknown,no
29,admin.,single,secondary,no,468,yes,yes,unknown,23,may,353,1,-1,0,unknown,no
41,management,married,tertiary,no,1234,no,no,unknown,17,jun,68,1,-1,0,unknown,no
40,management,married,tertiary,no,89,yes,yes,telephone,9,feb,148,6,-1,0,unknown,no
37,admin.,married,secondary,no,2991,yes,no,cellular,22,jul,139,3,-1,0,unknown,no
42,management,married,tertiary,no,-1,yes,yes,telephone,8,may,185,1,-1,0,unknown,no
24,blue-collar,single,secondary,no,77,yes,no,unknown,16,may,236,2,-1,0,unknown,no
36,management,married,tertiary,no,393,yes,no,cellular,30,apr,555,2,-1,0,unknown,yes
69,technician,married,tertiary,no,482,no,no,cellular,29,jul,478,1,267,1,failure,yes
40,services,single,secondary,no,573,yes,no,cellular,14,may,329,1,-1,0,unknown,no
56,retired,married,primary,no,21,no,no,cellular,29,jul,324,7,-1,0,unknown,no
39,entrepreneur,married,tertiary,no,2,yes,no,cellular,17,nov,180,1,-1,0,unknown,no
34,blue-collar,married,primary,no,3,yes,no,telephone,8,may,26,1,-1,0,unknown,no
36,management,single,tertiary,no,2032,no,yes,cellular,20,nov,736,1,-1,0,unknown,yes
44,management,married,tertiary,no,795,no,no,cellular,28,aug,99,24,-1,0,unknown,no
40,self-employed,married,primary,no,771,yes,no,unknown,14,may,166,1,-1,0,unknown,no
37,unemployed,single,primary,no,1241,no,no,unknown,9,jun,60,2,-1,0,unknown,no
51,blue-collar,married,primary,no,42,yes,no,cellular,12,may,51,2,342,3,failure,no
48,blue-collar,married,primary,no,14,no,yes,cellular,7,jul,120,1,-1,0,unknown,no
35,admin.,single,secondary,no,943,no,no,telephone,14,nov,24,1,-1,0,unknown,no
33,services,married,secondary,no,881,yes,no,unknown,21,may,67,5,-1,0,unknown,no
54,management,married,tertiary,no,7249,yes,yes,cellular,4,feb,102,2,77,1,failure,no
31,management,single,tertiary,no,2915,no,no,cellular,30,apr,228,1,86,1,failure,no
28,student,single,tertiary,no,3717,no,no,telephone,30,oct,177,2,-1,0,unknown,no
35,technician,divorced,secondary,no,2,no,no,unknown,3,jul,88,1,-1,0,unknown,no
35,blue-collar,married,secondary,no,162,no,yes,cellular,22,jul,675,2,-1,0,unknown,no
53,technician,single,tertiary,no,118,no,no,cellular,14,jul,431,3,-1,0,unknown,no
39,blue-collar,married,primary,no,3324,no,no,cellular,9,jul,108,1,-1,0,unknown,no
42,blue-collar,married,secondary,no,1540,yes,yes,cellular,18,nov,158,1,-1,0,unknown,no
31,blue-collar,married,primary,no,347,no,no,telephone,20,nov,21,1,-1,0,unknown,no
45,services,divorced,secondary,no,608,yes,yes,cellular,7,may,1135,3,323,30,failure,yes
32,student,single,unknown,no,4110,no,no,cellular,6,feb,119,8,-1,0,unknown,no
28,entrepreneur,single,tertiary,no,16,no,no,cellular,5,feb,48,1,-1,0,unknown,no
35,blue-collar,married,secondary,no,86,no,no,cellular,31,jul,128,2,-1,0,unknown,no
27,technician,single,secondary,no,842,no,no,cellular,30,jul,273,1,91,1,other,no
39,self-employed,married,secondary,no,4722,yes,no,unknown,17,jun,483,1,-1,0,unknown,no
57,services,single,secondary,no,2236,yes,no,unknown,14,may,73,2,-1,0,unknown,no
45,blue-collar,married,primary,no,97,yes,no,unknown,7,may,923,3,-1,0,unknown,no
44,management,married,tertiary,no,7818,no,no,cellular,27,may,412,1,-1,0,unknown,yes
34,technician,married,secondary,no,393,yes,no,cellular,15,may,314,2,177,6,other,no
37,self-employed,married,secondary,no,4153,yes,no,cellular,31,jul,35,16,-1,0,unknown,no
47,management,married,secondary,no,5012,yes,no,cellular,16,apr,262,2,-1,0,unknown,no
39,blue-collar,divorced,secondary,no,0,yes,no,cellular,11,may,275,2,307,1,other,no
37,services,married,primary,no,0,yes,no,unknown,26,may,581,1,-1,0,unknown,no
34,blue-collar,married,secondary,no,750,yes,no,unknown,23,may,204,1,-1,0,unknown,no
46,blue-collar,married,secondary,no,120,yes,yes,cellular,29,jan,121,1,259,3,failure,no
26,technician,single,secondary,no,3244,no,no,cellular,2,feb,141,1,5,1,failure,no
59,blue-collar,divorced,secondary,no,61,yes,no,cellular,13,may,61,1,-1,0,unknown,no
56,admin.,married,unknown,no,1784,no,no,cellular,13,aug,71,2,-1,0,unknown,no
29,admin.,married,secondary,no,795,yes,yes,cellular,10,jul,270,2,-1,0,unknown,no
44,blue-collar,married,primary,no,622,yes,no,unknown,21,feb,66,1,-1,0,unknown,no
54,admin.,married,secondary,no,865,yes,no,cellular,17,nov,71,1,-1,0,unknown,no
33,blue-collar,married,secondary,no,1240,yes,no,cellular,12,may,844,1,-1,0,unknown,yes
35,self-employed,single,tertiary,no,670,no,yes,cellular,13,may,44,1,-1,0,unknown,no
39,blue-collar,married,primary,no,568,yes,no,unknown,21,may,173,3,-1,0,unknown,no
41,management,married,tertiary,no,5883,no,no,cellular,20,nov,182,2,-1,0,unknown,no
29,blue-collar,single,secondary,no,0,yes,no,cellular,5,feb,16,9,253,1,failure,no
44,management,married,tertiary,no,423,no,no,cellular,3,jun,136,6,83,5,success,no
30,blue-collar,married,secondary,no,15,yes,yes,cellular,14,may,524,1,370,2,failure,no
31,services,single,secondary,no,469,no,yes,cellular,2,feb,111,1,-1,0,unknown,no
49,admin.,married,secondary,no,0,no,no,cellular,1,jun,1460,1,-1,0,unknown,yes
30,services,married,secondary,no,637,yes,no,cellular,15,may,69,5,-1,0,unknown,no
25,student,single,secondary,no,358,no,no,cellular,16,nov,330,1,-1,0,unknown,yes
56,management,married,tertiary,no,935,yes,no,cellular,8,may,209,2,172,1,failure,no
51,management,married,tertiary,no,4,yes,no,cellular,21,nov,58,2,-1,0,unknown,no
31,student,single,unknown,no,2882,yes,no,cellular,6,may,158,2,-1,0,unknown,no
46,unemployed,married,secondary,no,3533,yes,no,cellular,12,aug,235,2,-1,0,unknown,no
44,services,divorced,secondary,no,130,yes,no,cellular,14,may,263,1,371,1,failure,no
34,services,married,secondary,no,0,yes,no,cellular,21,apr,95,1,-1,0,unknown,no
32,technician,single,secondary,no,10,yes,no,unknown,8,may,107,1,-1,0,unknown,no
48,self-employed,divorced,tertiary,no,103,no,yes,cellular,25,jul,135,1,-1,0,unknown,no
49,unemployed,divorced,secondary,no,66,no,no,cellular,9,jul,218,3,-1,0,unknown,no
32,management,single,tertiary,no,2613,no,no,cellular,4,may,520,2,-1,0,unknown,no
42,retired,married,primary,no,0,yes,no,unknown,8,may,186,2,-1,0,unknown,no
30,management,single,tertiary,no,536,no,no,cellular,14,jan,362,2,91,2,success,yes
27,management,single,tertiary,no,2420,yes,no,unknown,12,may,391,2,-1,0,unknown,no
31,services,single,secondary,no,629,yes,no,unknown,21,may,369,2,-1,0,unknown,no
46,admin.,married,secondary,no,126,no,no,unknown,18,jun,1255,1,-1,0,unknown,yes
39,management,married,tertiary,no,225,yes,no,cellular,20,nov,554,2,-1,0,unknown,no
38,technician,divorced,secondary,no,1333,yes,yes,unknown,28,may,188,1,-1,0,unknown,no
41,technician,married,secondary,no,442,yes,yes,cellular,17,apr,261,3,322,1,other,no
32,blue-collar,married,secondary,no,1197,yes,yes,unknown,16,may,241,1,-1,0,unknown,no
50,management,married,tertiary,no,161,no,no,cellular,26,aug,19,17,-1,0,unknown,no
40,self-employed,married,secondary,yes,2,no,no,cellular,27,aug,158,3,-1,0,unknown,no
48,blue-collar,married,secondary,no,5057,yes,no,unknown,19,may,21,2,-1,0,unknown,no
29,technician,single,secondary,no,5763,no,yes,cellular,5,jun,271,2,92,2,success,no
27,technician,married,secondary,no,1103,no,no,unknown,4,jun,123,1,-1,0,unknown,no
38,management,married,tertiary,no,980,no,no,unknown,3,jun,662,5,-1,0,unknown,no
36,management,married,tertiary,no,1355,yes,no,unknown,20,jun,256,8,-1,0,unknown,no
58,blue-collar,married,primary,no,23,yes,no,unknown,20,may,91,6,-1,0,unknown,no
38,housemaid,married,secondary,no,333,yes,no,cellular,5,feb,606,2,202,1,other,no
28,housemaid,single,secondary,no,1,yes,no,cellular,12,may,395,2,-1,0,unknown,no
46,blue-collar,married,secondary,no,4855,yes,no,cellular,10,aug,1529,1,397,1,failure,no
35,services,single,secondary,no,49,no,no,cellular,30,jan,346,1,-1,0,unknown,no
74,retired,married,tertiary,no,4912,no,no,telephone,20,apr,268,2,181,3,failure,no
43,management,married,tertiary,no,1530,no,no,cellular,7,jul,91,3,-1,0,unknown,no
40,blue-collar,married,primary,no,238,no,no,unknown,20,jun,6,3,-1,0,unknown,no
31,blue-collar,married,secondary,no,-617,yes,no,unknown,2,jun,115,2,-1,0,unknown,no
60,management,married,primary,no,252,yes,yes,cellular,13,apr,123,2,147,3,failure,no
41,management,married,tertiary,no,0,no,no,cellular,11,aug,1242,5,-1,0,unknown,yes
34,admin.,married,secondary,no,1406,yes,no,cellular,27,may,145,1,-1,0,unknown,yes
53,blue-collar,married,primary,no,1294,no,no,unknown,28,oct,71,1,-1,0,unknown,no
38,technician,married,secondary,no,61,yes,no,unknown,28,may,97,1,-1,0,unknown,no
50,blue-collar,married,secondary,no,170,yes,yes,unknown,19,may,234,13,-1,0,unknown,no
38,technician,single,secondary,no,275,yes,no,cellular,28,jan,52,1,-1,0,unknown,no
28,technician,single,secondary,no,417,yes,yes,cellular,7,may,188,2,366,2,other,no
37,technician,married,tertiary,no,341,no,no,cellular,13,aug,287,3,182,3,success,yes
48,housemaid,married,primary,no,7195,no,no,cellular,21,nov,609,2,-1,0,unknown,yes
38,unemployed,single,secondary,no,223,yes,no,cellular,30,jul,698,4,-1,0,unknown,no
54,housemaid,married,primary,no,5048,no,no,unknown,18,jun,163,1,-1,0,unknown,no
45,entrepreneur,married,tertiary,no,0,yes,no,unknown,20,jun,50,2,-1,0,unknown,no
35,management,single,tertiary,no,151,no,no,unknown,20,sep,11,1,850,2,failure,no
33,services,single,secondary,no,772,yes,no,cellular,29,jan,323,2,259,3,success,no
44,management,married,secondary,no,11972,no,no,unknown,19,jun,127,1,-1,0,unknown,no
38,technician,single,tertiary,no,187,no,no,cellular,27,aug,87,7,-1,0,unknown,no
43,services,single,tertiary,no,126,yes,no,unknown,20,jun,351,2,-1,0,unknown,no
29,management,married,tertiary,no,199,yes,yes,unknown,7,may,1689,4,-1,0,unknown,yes
44,services,divorced,secondary,no,20541,no,yes,unknown,18,jun,501,2,-1,0,unknown,no
55,unemployed,married,tertiary,no,383,no,no,unknown,6,may,343,3,-1,0,unknown,no
34,management,married,tertiary,no,169,no,no,cellular,25,aug,115,4,-1,0,unknown,no
55,management,married,tertiary,no,540,no,no,cellular,19,nov,124,2,-1,0,unknown,no
32,admin.,divorced,secondary,no,281,yes,no,unknown,8,may,231,4,-1,0,unknown,no
53,retired,divorced,tertiary,no,599,yes,no,unknown,13,may,322,3,-1,0,unknown,no
36,blue-collar,married,primary,no,-402,no,no,unknown,21,may,173,6,-1,0,unknown,no
47,retired,divorced,primary,no,2576,no,no,unknown,12,jun,188,4,-1,0,unknown,no
58,technician,married,tertiary,no,1692,yes,no,telephone,17,jul,517,5,-1,0,unknown,no
26,management,single,tertiary,no,943,no,no,cellular,11,nov,166,1,195,1,success,yes
45,blue-collar,married,secondary,no,3092,yes,yes,cellular,12,may,180,2,-1,0,unknown,no
52,management,married,tertiary,no,4675,no,no,cellular,12,feb,181,3,-1,0,unknown,yes
36,blue-collar,married,secondary,no,0,yes,no,cellular,7,may,332,1,-1,0,unknown,no
43,management,married,tertiary,no,704,no,no,cellular,18,jul,116,1,-1,0,unknown,no
43,technician,single,secondary,no,257,yes,no,cellular,2,feb,64,2,-1,0,unknown,no
35,management,married,tertiary,no,1285,no,no,cellular,26,aug,100,4,-1,0,unknown,no
46,blue-collar,married,secondary,no,922,yes,no,telephone,18,nov,296,2,-1,0,unknown,no
67,retired,married,primary,no,585,no,no,cellular,17,aug,109,1,-1,0,unknown,no
47,management,married,tertiary,no,649,yes,no,cellular,27,mar,78,2,-1,0,unknown,no
34,management,single,tertiary,no,0,no,no,cellular,5,feb,71,1,-1,0,unknown,no
35,admin.,married,secondary,no,-488,yes,no,unknown,2,jun,97,4,-1,0,unknown,no
38,management,single,tertiary,no,16957,yes,no,unknown,27,may,142,2,-1,0,unknown,no
29,technician,single,tertiary,no,-803,yes,yes,cellular,6,may,827,1,329,9,failure,no
40,technician,married,secondary,no,2576,yes,yes,unknown,12,may,10,11,-1,0,unknown,no
56,blue-collar,married,secondary,no,241,yes,no,cellular,17,aug,97,2,-1,0,unknown,no
53,entrepreneur,married,secondary,no,-118,yes,no,unknown,9,may,101,3,-1,0,unknown,no
31,management,single,tertiary,no,354,no,no,cellular,21,apr,242,2,-1,0,unknown,yes
53,blue-collar,single,unknown,no,1555,yes,no,unknown,27,may,383,2,-1,0,unknown,no
28,blue-collar,married,secondary,no,373,yes,no,cellular,14,may,10,9,344,1,failure,no
47,retired,married,tertiary,no,1225,yes,yes,unknown,16,jun,339,2,-1,0,unknown,no
52,self-employed,married,primary,no,314,yes,no,cellular,4,feb,131,2,-1,0,unknown,no
40,blue-collar,married,secondary,no,925,yes,yes,unknown,20,jun,22,8,-1,0,unknown,no
37,blue-collar,married,primary,no,153,no,yes,cellular,31,jul,15,26,-1,0,unknown,no
47,self-employed,married,secondary,no,0,no,no,unknown,26,jun,174,8,-1,0,unknown,no
49,services,divorced,primary,no,400,yes,no,telephone,15,may,64,1,-1,0,unknown,no
53,housemaid,married,secondary,no,2406,yes,no,unknown,16,jun,393,2,-1,0,unknown,no
41,self-employed,divorced,tertiary,no,-319,no,no,unknown,20,jun,263,3,-1,0,unknown,no
39,services,married,secondary,no,823,yes,yes,cellular,28,jul,780,2,-1,0,unknown,no
53,self-employed,single,secondary,no,731,no,no,cellular,21,nov,251,2,-1,0,unknown,no
59,housemaid,married,secondary,no,0,no,no,telephone,3,feb,722,1,99,4,failure,no
36,services,married,secondary,no,5000,no,no,unknown,16,jun,177,5,-1,0,unknown,no
58,blue-collar,married,primary,no,0,yes,no,unknown,19,jun,573,1,-1,0,unknown,no
33,technician,single,secondary,no,716,yes,no,cellular,14,may,234,2,-1,0,unknown,no
32,student,single,tertiary,no,922,no,no,cellular,18,oct,338,2,-1,0,unknown,no
34,unknown,single,secondary,no,859,no,no,cellular,28,jan,829,1,-1,0,unknown,yes
50,management,divorced,tertiary,no,299,no,no,cellular,17,nov,666,3,-1,0,unknown,no
42,management,single,tertiary,no,227,no,no,cellular,20,aug,428,8,-1,0,unknown,no
72,retired,divorced,tertiary,no,402,no,no,cellular,12,jul,194,3,-1,0,unknown,no
44,blue-collar,married,primary,no,213,no,no,unknown,6,may,158,1,-1,0,unknown,no
30,management,married,tertiary,no,1996,no,no,cellular,8,feb,1133,3,101,1,other,yes
37,unemployed,married,tertiary,no,1851,no,no,cellular,30,apr,166,1,-1,0,unknown,no
30,technician,single,secondary,no,1532,no,no,cellular,23,sep,447,1,489,6,failure,no
57,blue-collar,married,primary,no,282,no,yes,cellular,7,jul,261,12,-1,0,unknown,no
46,services,divorced,secondary,no,1263,yes,no,telephone,21,nov,220,2,-1,0,unknown,no
34,management,single,tertiary,no,872,yes,no,cellular,17,apr,81,1,345,2,failure,no
44,unemployed,married,primary,no,97,yes,no,unknown,5,jun,105,3,-1,0,unknown,no
30,blue-collar,married,secondary,no,-6,yes,no,cellular,17,apr,461,1,-1,0,unknown,no
58,blue-collar,married,secondary,no,1298,yes,no,cellular,29,jan,522,2,245,4,failure,no
38,management,married,secondary,no,1066,yes,no,cellular,28,jul,78,2,-1,0,unknown,no
41,unemployed,single,secondary,no,315,yes,no,telephone,14,may,28,5,-1,0,unknown,no
30,management,single,tertiary,no,685,no,no,cellular,5,aug,299,2,-1,0,unknown,no
50,blue-collar,divorced,primary,no,149,yes,no,unknown,7,may,74,1,-1,0,unknown,no
44,technician,married,secondary,no,561,yes,no,unknown,30,may,613,2,-1,0,unknown,no
41,management,married,primary,no,-679,yes,yes,unknown,28,may,209,2,-1,0,unknown,no
59,management,divorced,primary,no,13308,yes,no,unknown,13,may,131,1,-1,0,unknown,no
51,blue-collar,married,secondary,no,16,yes,yes,telephone,27,aug,145,2,-1,0,unknown,no
71,retired,divorced,secondary,no,5584,no,no,cellular,21,aug,534,3,-1,0,unknown,yes
41,management,married,tertiary,no,30,no,no,cellular,19,aug,171,7,-1,0,unknown,no
33,blue-collar,married,secondary,no,2994,yes,no,cellular,20,nov,155,1,-1,0,unknown,no
46,blue-collar,married,tertiary,no,3745,no,no,cellular,19,oct,82,1,-1,0,unknown,no
53,housemaid,married,primary,no,2581,no,no,cellular,15,apr,99,1,-1,0,unknown,no
36,management,single,tertiary,no,3850,yes,no,cellular,12,aug,239,2,100,4,failure,yes
55,management,married,tertiary,no,0,no,no,unknown,16,jun,607,2,-1,0,unknown,no
34,management,single,tertiary,no,197,no,yes,cellular,21,aug,274,4,-1,0,unknown,no
44,blue-collar,married,secondary,no,-54,yes,yes,unknown,26,may,437,1,-1,0,unknown,no
39,management,single,primary,no,375,no,no,telephone,31,jul,80,2,-1,0,unknown,no
35,technician,single,secondary,no,1183,yes,no,cellular,21,nov,21,3,185,2,failure,no
47,technician,married,tertiary,no,282,yes,no,unknown,16,may,433,1,-1,0,unknown,no
31,admin.,single,secondary,no,160,yes,yes,unknown,20,may,233,2,-1,0,unknown,no
29,student,single,unknown,no,10332,no,no,cellular,2,nov,46,3,-1,0,unknown,yes
32,blue-collar,married,secondary,no,920,yes,no,unknown,21,may,135,2,-1,0,unknown,no
60,retired,married,secondary,no,30,no,no,cellular,22,aug,629,4,-1,0,unknown,no
38,technician,divorced,tertiary,no,791,yes,no,unknown,26,may,89,2,-1,0,unknown,no
32,management,single,tertiary,yes,5,yes,no,cellular,26,aug,520,4,-1,0,unknown,no
40,services,married,secondary,no,-192,yes,no,cellular,11,may,666,1,-1,0,unknown,yes
27,technician,single,secondary,no,2430,yes,no,unknown,28,may,297,1,-1,0,unknown,no
44,blue-collar,married,primary,no,2791,no,no,unknown,18,jun,335,1,-1,0,unknown,no
64,management,married,tertiary,no,6251,no,no,telephone,5,feb,125,7,-1,0,unknown,no
33,management,married,secondary,no,-224,yes,no,cellular,14,may,152,2,259,8,other,no
57,retired,married,secondary,no,455,yes,no,cellular,7,may,361,1,-1,0,unknown,no
34,blue-collar,single,secondary,no,855,yes,no,cellular,16,jul,578,1,-1,0,unknown,yes
58,technician,married,secondary,no,1,no,no,cellular,28,jan,536,2,-1,0,unknown,no
56,blue-collar,married,primary,no,351,yes,no,telephone,12,may,179,4,-1,0,unknown,no
26,blue-collar,married,secondary,no,128,no,no,unknown,4,jul,355,1,-1,0,unknown,no
33,management,single,tertiary,no,474,yes,no,cellular,2,feb,62,1,179,3,failure,no
27,services,married,secondary,no,0,yes,no,unknown,15,may,312,6,-1,0,unknown,no
36,technician,single,secondary,no,7503,yes,no,unknown,4,jun,25,1,-1,0,unknown,no
28,admin.,married,secondary,no,576,yes,yes,cellular,18,may,20,6,-1,0,unknown,no
24,admin.,single,secondary,no,926,yes,yes,cellular,15,may,191,1,-1,0,unknown,no
49,unknown,married,tertiary,no,325,no,no,unknown,20,jun,63,15,-1,0,unknown,no
33,services,single,secondary,no,6531,yes,no,unknown,3,jun,495,3,-1,0,unknown,no
66,retired,married,primary,no,747,no,no,telephone,27,oct,515,1,-1,0,unknown,no
55,blue-collar,married,secondary,no,0,no,no,unknown,16,jun,73,3,-1,0,unknown,no
59,management,married,secondary,no,7623,yes,no,cellular,18,nov,84,2,-1,0,unknown,no
39,management,married,tertiary,no,24,no,no,cellular,1,oct,199,1,-1,0,unknown,no
51,admin.,married,secondary,no,52,yes,yes,telephone,23,jul,36,15,-1,0,unknown,no
51,services,married,secondary,no,-467,no,no,unknown,9,jun,216,5,-1,0,unknown,no
48,admin.,married,secondary,no,844,no,no,cellular,28,aug,12,21,-1,0,unknown,no
47,admin.,single,secondary,no,1544,yes,no,cellular,6,apr,104,1,312,1,failure,no
45,blue-collar,married,primary,no,5461,yes,no,cellular,20,nov,841,2,-1,0,unknown,yes
49,services,single,unknown,no,5095,yes,no,cellular,20,nov,127,2,157,1,failure,no
59,unemployed,divorced,secondary,no,7469,no,no,cellular,22,feb,287,1,130,1,failure,no
60,retired,married,secondary,no,4,no,no,cellular,28,aug,602,3,-1,0,unknown,no
52,technician,divorced,secondary,no,1005,yes,no,cellular,2,jun,195,1,-1,0,unknown,yes
53,technician,married,secondary,no,230,no,yes,cellular,13,aug,112,2,-1,0,unknown,no
44,entrepreneur,single,tertiary,no,1136,yes,yes,cellular,3,apr,345,2,249,7,other,no
24,technician,married,secondary,no,556,yes,no,cellular,6,nov,368,2,80,2,success,yes
34,technician,married,secondary,no,1246,no,no,unknown,28,may,88,3,-1,0,unknown,no
24,student,single,unknown,no,1693,no,no,cellular,4,jun,1094,1,-1,0,unknown,no
36,blue-collar,married,secondary,no,429,yes,no,unknown,30,may,140,2,-1,0,unknown,no
59,retired,married,tertiary,no,135,yes,no,unknown,17,nov,94,1,-1,0,unknown,no
27,management,single,tertiary,yes,0,no,yes,cellular,8,jul,46,1,-1,0,unknown,no
57,management,divorced,secondary,no,0,yes,yes,unknown,12,may,144,6,-1,0,unknown,no
29,blue-collar,married,primary,no,-235,yes,no,cellular,22,jul,189,1,-1,0,unknown,no
28,unemployed,married,secondary,no,293,yes,no,cellular,20,apr,230,1,329,3,failure,no
45,management,married,tertiary,no,4693,no,yes,cellular,9,jul,148,2,-1,0,unknown,no
47,technician,married,secondary,no,599,yes,no,cellular,13,aug,99,3,-1,0,unknown,no
37,admin.,married,secondary,no,1967,no,no,cellular,27,may,242,1,212,1,success,yes
44,entrepreneur,divorced,secondary,no,-143,yes,no,unknown,2,jun,66,6,-1,0,unknown,no
56,blue-collar,married,secondary,no,2190,no,yes,unknown,12,jun,270,1,-1,0,unknown,no
38,entrepreneur,married,tertiary,no,1110,yes,no,cellular,20,nov,888,2,183,2,failure,yes
38,services,married,secondary,no,155,yes,no,unknown,5,may,248,1,-1,0,unknown,no
48,services,married,secondary,no,51,yes,yes,cellular,2,feb,90,1,262,1,failure,no
31,services,married,primary,no,46,no,no,cellular,10,jul,37,1,-1,0,unknown,no
29,management,single,tertiary,no,-223,no,yes,cellular,9,jul,208,1,-1,0,unknown,no
39,blue-collar,married,primary,no,0,no,no,unknown,9,jun,173,1,-1,0,unknown,no
29,management,single,secondary,no,0,yes,yes,unknown,27,may,92,2,-1,0,unknown,no
56,blue-collar,married,primary,no,373,yes,no,unknown,27,may,269,1,-1,0,unknown,no
64,retired,married,primary,no,12067,no,no,telephone,30,jul,367,2,92,2,success,yes
28,housemaid,married,secondary,yes,65,yes,yes,cellular,13,may,165,1,300,1,failure,no
23,blue-collar,single,secondary,yes,-207,yes,no,unknown,3,jun,277,1,-1,0,unknown,no
58,blue-collar,married,primary,no,6762,no,no,cellular,28,aug,9,25,-1,0,unknown,no
39,blue-collar,married,secondary,no,0,yes,no,cellular,15,jul,103,4,-1,0,unknown,no
70,retired,married,primary,no,4982,no,no,cellular,4,may,794,2,-1,0,unknown,no
51,management,married,tertiary,no,1612,no,no,cellular,16,mar,384,1,182,5,failure,no
41,technician,married,secondary,no,-1,no,yes,cellular,19,aug,406,2,-1,0,unknown,no
44,blue-collar,married,secondary,no,1340,yes,no,unknown,13,may,244,1,-1,0,unknown,no
37,management,divorced,tertiary,no,168,yes,no,unknown,5,jun,227,1,-1,0,unknown,no
40,management,married,tertiary,no,640,yes,no,cellular,17,apr,202,2,-1,0,unknown,no
34,technician,divorced,secondary,no,1301,yes,no,cellular,25,jul,124,2,-1,0,unknown,no
36,student,single,unknown,no,417,no,no,cellular,10,aug,304,1,181,1,success,yes
29,housemaid,married,primary,no,7,no,yes,cellular,8,jul,240,1,-1,0,unknown,no
50,technician,divorced,tertiary,no,261,no,no,unknown,20,jun,155,1,-1,0,unknown,no
38,technician,married,secondary,no,1696,no,no,cellular,20,nov,267,2,-1,0,unknown,no
40,technician,married,secondary,no,8844,no,no,cellular,8,aug,204,1,-1,0,unknown,no
38,management,married,tertiary,no,238,no,no,cellular,4,aug,139,1,92,3,failure,yes
31,management,single,tertiary,no,53,yes,no,cellular,7,aug,165,3,-1,0,unknown,no
26,management,single,secondary,no,651,no,yes,cellular,5,mar,84,1,-1,0,unknown,no
55,blue-collar,married,primary,no,0,no,no,unknown,17,jun,285,1,-1,0,unknown,no
27,management,single,tertiary,yes,0,yes,no,unknown,16,may,89,2,-1,0,unknown,no
70,retired,married,secondary,no,2384,no,no,cellular,30,oct,196,2,-1,0,unknown,yes
32,services,single,secondary,no,6857,no,no,cellular,6,aug,85,1,185,1,failure,no
34,entrepreneur,single,secondary,no,339,yes,no,cellular,6,may,110,2,359,2,failure,no
37,unemployed,married,tertiary,no,7620,no,no,telephone,25,may,100,3,-1,0,unknown,no
40,admin.,married,secondary,no,538,no,no,unknown,16,jun,167,2,-1,0,unknown,no
34,management,single,tertiary,no,125,yes,yes,unknown,5,jun,18,31,-1,0,unknown,no
38,management,married,tertiary,no,613,no,no,cellular,30,apr,242,1,86,1,success,yes
30,technician,single,secondary,no,796,yes,yes,cellular,18,aug,315,4,-1,0,unknown,no
39,blue-collar,married,tertiary,no,200,yes,no,cellular,16,apr,166,1,-1,0,unknown,no
44,management,married,tertiary,no,1590,yes,yes,cellular,21,jul,54,8,-1,0,unknown,no
41,unemployed,married,primary,no,557,yes,no,cellular,17,nov,158,1,173,1,failure,no
44,blue-collar,married,secondary,no,878,yes,no,cellular,2,jun,130,1,-1,0,unknown,no
58,retired,divorced,secondary,no,219,no,no,unknown,5,jun,133,1,-1,0,unknown,no
56,retired,married,primary,no,9367,no,no,telephone,13,nov,271,2,92,4,success,yes
36,blue-collar,single,primary,no,3214,yes,no,unknown,16,jun,124,2,-1,0,unknown,no
30,technician,married,secondary,no,817,yes,no,cellular,21,nov,208,3,91,4,failure,no
29,blue-collar,married,primary,no,715,yes,no,unknown,27,may,170,1,-1,0,unknown,no
38,admin.,single,unknown,no,31,no,no,cellular,20,apr,59,3,-1,0,unknown,no
24,student,single,tertiary,no,603,yes,no,cellular,12,may,157,5,-1,0,unknown,no
33,technician,single,secondary,no,116,no,yes,cellular,4,aug,307,1,-1,0,unknown,no
40,technician,divorced,secondary,no,275,no,no,cellular,13,aug,409,4,-1,0,unknown,no
42,self-employed,married,tertiary,no,-426,yes,no,telephone,23,jul,160,7,-1,0,unknown,no
44,technician,single,secondary,no,244,yes,no,cellular,12,aug,1735,4,-1,0,unknown,yes
28,services,single,secondary,no,651,no,yes,cellular,23,jul,158,2,-1,0,unknown,no
29,management,married,tertiary,no,13186,yes,no,cellular,12,may,322,1,350,2,failure,no
51,housemaid,married,primary,no,1138,no,no,cellular,7,aug,265,3,-1,0,unknown,no
44,services,married,secondary,no,808,yes,no,unknown,2,jun,67,2,-1,0,unknown,no
54,services,married,secondary,no,1301,yes,no,unknown,13,may,173,1,-1,0,unknown,no
33,services,married,secondary,no,0,yes,yes,cellular,7,apr,487,1,-1,0,unknown,no
56,management,married,tertiary,no,412,no,no,telephone,20,nov,179,6,-1,0,unknown,no
41,blue-collar,divorced,secondary,no,14,yes,yes,unknown,13,may,65,6,-1,0,unknown,no
49,blue-collar,married,primary,yes,-98,yes,no,cellular,20,nov,182,2,-1,0,unknown,no
56,admin.,married,secondary,no,150,no,no,cellular,22,aug,105,1,-1,0,unknown,no
47,management,divorced,secondary,no,0,yes,no,cellular,18,nov,75,2,-1,0,unknown,no
30,admin.,married,secondary,no,5220,yes,no,cellular,21,nov,108,1,-1,0,unknown,no
46,unknown,single,unknown,no,63,no,no,unknown,19,jun,235,1,-1,0,unknown,no
34,management,married,tertiary,no,731,yes,no,cellular,21,nov,378,4,-1,0,unknown,no
31,services,single,secondary,no,831,yes,no,cellular,21,nov,106,2,-1,0,unknown,no
47,services,married,secondary,no,284,no,no,cellular,26,aug,266,5,-1,0,unknown,no
57,housemaid,married,primary,no,2234,no,no,unknown,11,jun,201,5,-1,0,unknown,no
35,blue-collar,divorced,primary,no,4401,yes,no,cellular,31,jul,465,4,-1,0,unknown,no
35,services,married,tertiary,no,4655,no,no,cellular,9,nov,111,2,-1,0,unknown,no
45,retired,married,primary,no,1152,no,no,unknown,18,jun,234,2,-1,0,unknown,no
28,management,married,tertiary,no,22,yes,no,cellular,31,jul,59,3,-1,0,unknown,no
34,technician,single,tertiary,no,586,yes,no,unknown,16,may,489,2,-1,0,unknown,no
35,self-employed,married,secondary,no,734,no,yes,cellular,9,jul,128,2,-1,0,unknown,no
33,technician,single,tertiary,no,176,no,no,cellular,29,aug,112,2,-1,0,unknown,no
28,blue-collar,married,primary,no,182,yes,no,unknown,19,jun,153,1,-1,0,unknown,no
36,technician,married,secondary,no,264,yes,yes,cellular,9,jul,482,1,-1,0,unknown,no
36,blue-collar,married,primary,no,733,yes,no,cellular,17,apr,382,2,-1,0,unknown,no
65,retired,divorced,primary,no,1840,no,no,cellular,1,sep,191,2,92,7,failure,no
43,management,married,tertiary,no,2987,no,no,cellular,4,jun,156,1,85,3,failure,yes
35,technician,single,secondary,no,362,yes,no,cellular,17,apr,54,2,-1,0,unknown,no
41,unknown,single,primary,no,2398,yes,no,unknown,8,may,287,2,-1,0,unknown,no
39,management,married,tertiary,no,564,yes,no,unknown,30,may,136,2,-1,0,unknown,no
40,admin.,married,secondary,no,2591,yes,yes,cellular,7,apr,389,1,266,2,other,no
48,admin.,married,secondary,no,933,no,no,cellular,29,jul,446,2,-1,0,unknown,no
40,blue-collar,married,primary,no,1397,yes,no,telephone,12,may,58,2,334,1,failure,no
41,admin.,married,secondary,no,120,no,yes,cellular,8,jul,489,1,-1,0,unknown,no
31,management,married,secondary,no,2019,no,no,unknown,7,may,380,2,-1,0,unknown,no
37,technician,married,secondary,no,720,yes,no,cellular,8,apr,58,3,-1,0,unknown,no
33,services,married,secondary,no,1785,yes,no,unknown,30,may,287,12,-1,0,unknown,no
42,services,married,secondary,no,-43,yes,yes,unknown,27,may,363,3,-1,0,unknown,no
32,blue-collar,divorced,primary,no,4805,no,yes,cellular,4,jul,138,3,-1,0,unknown,no
33,blue-collar,divorced,secondary,no,-131,yes,no,unknown,16,may,145,1,-1,0,unknown,no
60,blue-collar,married,primary,no,93,no,yes,unknown,27,may,125,4,-1,0,unknown,no
30,technician,single,secondary,no,7,no,no,cellular,26,aug,75,4,-1,0,unknown,no
35,blue-collar,married,secondary,no,728,yes,no,unknown,12,jun,410,16,-1,0,unknown,no
29,management,single,tertiary,no,1514,yes,no,telephone,5,may,363,1,333,7,other,no
44,technician,married,tertiary,no,1454,no,no,unknown,11,jun,156,2,-1,0,unknown,no
33,management,married,tertiary,no,0,yes,no,cellular,18,nov,88,1,-1,0,unknown,no
47,blue-collar,married,secondary,no,820,no,no,cellular,19,oct,98,1,-1,0,unknown,yes
38,housemaid,divorced,secondary,no,70,no,no,cellular,27,jan,164,4,92,4,success,yes
31,management,married,tertiary,no,1230,yes,no,unknown,27,may,290,4,-1,0,unknown,no
35,blue-collar,married,primary,no,0,yes,no,cellular,24,jul,90,6,-1,0,unknown,no
36,technician,married,tertiary,yes,63,no,no,cellular,28,aug,12,14,-1,0,unknown,no
33,housemaid,married,primary,no,0,no,no,cellular,8,aug,138,2,-1,0,unknown,no
28,blue-collar,married,primary,no,15,yes,no,unknown,13,may,87,2,-1,0,unknown,no
28,technician,single,tertiary,no,0,yes,no,cellular,12,aug,150,1,79,3,success,no
34,blue-collar,single,secondary,no,1351,yes,no,cellular,14,may,334,2,-1,0,unknown,no
36,blue-collar,married,secondary,no,426,yes,no,unknown,2,jun,59,3,-1,0,unknown,no
33,technician,single,secondary,no,5833,yes,no,cellular,8,aug,93,2,-1,0,unknown,no
42,housemaid,divorced,secondary,no,314,no,no,unknown,9,jun,249,2,-1,0,unknown,no
34,blue-collar,married,unknown,no,0,yes,no,cellular,7,may,183,1,-1,0,unknown,no
42,blue-collar,married,secondary,no,333,yes,no,unknown,9,may,190,3,-1,0,unknown,no
48,blue-collar,married,primary,no,3304,no,no,unknown,11,jun,409,3,-1,0,unknown,no
42,housemaid,married,secondary,no,808,yes,no,cellular,9,jul,121,1,-1,0,unknown,no
48,technician,married,secondary,no,-205,yes,yes,cellular,9,jul,112,1,-1,0,unknown,no
60,retired,married,secondary,no,404,no,no,cellular,21,aug,335,2,-1,0,unknown,no
51,blue-collar,married,primary,no,173,yes,no,unknown,5,may,529,2,-1,0,unknown,no
49,blue-collar,married,secondary,no,3728,yes,no,cellular,11,jul,1060,2,-1,0,unknown,yes
60,management,married,primary,no,-70,yes,no,cellular,13,may,65,2,-1,0,unknown,no
38,technician,single,secondary,no,-143,yes,no,unknown,30,may,428,7,-1,0,unknown,no
40,blue-collar,divorced,primary,no,0,yes,no,unknown,5,may,962,1,-1,0,unknown,no
31,services,married,secondary,no,371,yes,yes,cellular,17,apr,654,1,-1,0,unknown,no
47,admin.,married,secondary,no,73,no,no,cellular,8,aug,57,3,-1,0,unknown,no
74,retired,married,primary,no,4286,no,no,cellular,30,sep,195,1,-1,0,unknown,no
46,blue-collar,divorced,secondary,no,138,no,no,cellular,19,nov,277,1,-1,0,unknown,no
56,unemployed,divorced,secondary,no,283,yes,yes,cellular,20,apr,89,3,341,2,failure,no
28,management,single,secondary,no,-994,yes,yes,cellular,18,jul,174,2,-1,0,unknown,no
40,technician,single,secondary,no,374,yes,yes,cellular,11,may,274,1,-1,0,unknown,no
51,retired,married,primary,no,610,no,no,unknown,9,jun,86,2,-1,0,unknown,no
35,technician,married,secondary,no,905,no,yes,cellular,21,aug,114,2,-1,0,unknown,no
32,technician,married,secondary,no,-1,no,no,cellular,14,aug,153,6,-1,0,unknown,no
42,blue-collar,married,secondary,no,160,yes,yes,unknown,26,jun,190,1,-1,0,unknown,no
25,blue-collar,single,secondary,no,509,no,no,cellular,5,mar,418,1,-1,0,unknown,yes
49,blue-collar,married,unknown,no,403,yes,no,unknown,5,may,241,2,-1,0,unknown,no
58,blue-collar,married,primary,no,1965,no,no,cellular,18,mar,125,1,-1,0,unknown,no
58,management,married,secondary,no,-382,no,no,cellular,31,jul,644,12,-1,0,unknown,yes
39,management,single,tertiary,no,416,no,no,cellular,23,oct,56,4,-1,0,unknown,no
30,technician,married,tertiary,no,296,no,no,cellular,22,aug,1809,5,-1,0,unknown,no
35,unemployed,single,secondary,yes,-126,no,no,cellular,19,nov,168,1,-1,0,unknown,no
38,blue-collar,single,unknown,no,840,no,no,unknown,9,jun,176,6,-1,0,unknown,no
40,self-employed,married,tertiary,no,642,no,no,cellular,18,nov,147,3,-1,0,unknown,no
49,technician,married,secondary,no,308,no,no,cellular,26,oct,260,2,91,5,failure,no
33,blue-collar,single,secondary,no,0,no,no,telephone,25,jul,511,1,-1,0,unknown,no
39,management,divorced,tertiary,no,224,no,no,cellular,2,jul,194,2,88,1,success,yes
41,blue-collar,married,secondary,no,424,yes,no,cellular,7,may,83,5,-1,0,unknown,no
32,technician,married,tertiary,no,0,yes,no,cellular,19,nov,231,4,-1,0,unknown,no
58,management,married,tertiary,no,44,yes,no,unknown,15,may,288,2,-1,0,unknown,no
39,management,single,tertiary,no,5073,yes,no,cellular,12,may,1182,1,286,4,failure,yes
38,technician,married,tertiary,no,664,no,no,cellular,22,aug,242,2,-1,0,unknown,no
37,blue-collar,single,secondary,no,292,no,no,unknown,8,sep,9,1,-1,0,unknown,no
38,blue-collar,single,secondary,no,3054,no,no,unknown,20,jun,24,11,-1,0,unknown,no
32,services,married,secondary,no,-124,no,no,unknown,27,may,116,1,-1,0,unknown,no
47,management,married,tertiary,no,1147,no,no,cellular,27,feb,204,1,-1,0,unknown,no
34,admin.,married,tertiary,no,69,no,yes,cellular,3,aug,263,3,251,3,success,yes
32,technician,single,tertiary,no,0,yes,yes,cellular,13,may,440,2,-1,0,unknown,yes
26,technician,single,secondary,no,626,yes,no,cellular,15,may,412,2,-1,0,unknown,no
42,blue-collar,married,unknown,no,732,yes,no,telephone,20,apr,33,1,339,1,failure,no
34,blue-collar,single,secondary,no,-231,yes,no,cellular,13,may,9,8,-1,0,unknown,no
57,unknown,married,unknown,no,327,yes,no,unknown,28,may,74,2,-1,0,unknown,no
55,admin.,married,tertiary,no,59,yes,no,cellular,11,may,51,1,305,1,failure,no
29,housemaid,single,secondary,no,718,yes,no,unknown,8,may,91,3,-1,0,unknown,no
53,entrepreneur,single,unknown,no,202,no,no,cellular,28,jul,106,3,-1,0,unknown,no
42,blue-collar,single,secondary,no,1080,yes,yes,cellular,13,may,951,3,370,4,failure,yes
37,management,single,unknown,no,715,yes,no,unknown,20,may,247,2,-1,0,unknown,no
34,blue-collar,married,primary,no,3986,yes,no,cellular,17,apr,345,2,-1,0,unknown,no
50,technician,single,tertiary,no,0,yes,no,unknown,8,may,393,2,-1,0,unknown,no
31,management,single,tertiary,no,12857,yes,no,telephone,4,may,483,4,87,2,success,yes
22,student,single,secondary,no,562,yes,no,cellular,5,may,147,1,-1,0,unknown,no
28,blue-collar,married,secondary,no,127,yes,yes,cellular,4,feb,66,1,-1,0,unknown,no
30,technician,single,secondary,no,790,no,no,cellular,20,aug,696,3,-1,0,unknown,no
35,admin.,married,secondary,no,640,no,no,unknown,6,jun,461,2,-1,0,unknown,no
52,unknown,married,primary,no,5521,no,no,cellular,11,aug,126,4,-1,0,unknown,no
29,management,married,tertiary,no,198,yes,no,cellular,3,aug,1179,1,-1,0,unknown,no
28,technician,married,primary,no,-58,yes,no,unknown,8,may,74,1,-1,0,unknown,no
42,management,divorced,tertiary,no,1775,yes,no,telephone,5,feb,276,5,-1,0,unknown,no
53,technician,married,secondary,no,-725,yes,no,unknown,27,may,1205,1,-1,0,unknown,yes
41,entrepreneur,married,tertiary,no,10,yes,no,cellular,8,may,196,2,172,2,other,no
59,technician,married,unknown,no,0,no,no,cellular,5,feb,214,1,-1,0,unknown,no
57,self-employed,married,tertiary,yes,-3313,yes,yes,unknown,9,may,153,1,-1,0,unknown,no
55,housemaid,married,primary,no,43,no,yes,unknown,26,jun,464,3,-1,0,unknown,no
33,blue-collar,married,secondary,no,-349,yes,no,unknown,6,may,191,1,-1,0,unknown,no
58,admin.,divorced,secondary,no,3058,yes,no,telephone,11,may,114,1,368,1,failure,no
41,technician,single,secondary,no,134,no,yes,cellular,11,aug,153,4,-1,0,unknown,no
60,retired,divorced,secondary,no,1099,no,no,cellular,11,jul,764,2,-1,0,unknown,yes
66,retired,married,tertiary,no,0,no,no,cellular,5,aug,177,1,-1,0,unknown,no
57,retired,married,primary,no,3288,no,no,cellular,19,aug,186,4,-1,0,unknown,no
66,technician,married,secondary,no,0,no,no,cellular,6,feb,751,1,-1,0,unknown,yes
55,admin.,divorced,unknown,no,789,yes,no,unknown,13,may,434,2,-1,0,unknown,no
31,admin.,married,secondary,no,439,no,no,unknown,28,may,233,4,-1,0,unknown,no
51,admin.,married,secondary,no,0,no,no,cellular,21,jul,130,1,-1,0,unknown,no
30,technician,married,tertiary,no,2283,no,no,cellular,7,aug,74,2,-1,0,unknown,no
31,technician,single,unknown,no,694,yes,no,unknown,6,jun,431,2,-1,0,unknown,no
42,management,single,tertiary,no,336,yes,no,cellular,2,feb,142,6,195,3,failure,no
27,student,single,secondary,no,1423,no,no,unknown,29,jun,8,1,-1,0,unknown,no
54,blue-collar,married,primary,no,1895,yes,no,cellular,17,apr,345,1,-1,0,unknown,no
49,services,married,secondary,no,1084,yes,no,telephone,17,nov,99,1,-1,0,unknown,no
32,management,married,secondary,no,625,yes,no,cellular,2,jun,352,1,56,2,failure,no
41,blue-collar,divorced,primary,no,320,yes,no,cellular,2,feb,844,2,252,1,failure,no
43,blue-collar,married,primary,no,60,no,no,cellular,8,may,487,2,367,2,other,no
27,technician,single,secondary,no,405,no,no,cellular,26,may,256,1,-1,0,unknown,no
30,technician,single,secondary,no,156,yes,no,cellular,25,may,157,4,363,5,failure,no
51,management,married,secondary,no,873,no,no,cellular,29,jan,273,1,-1,0,unknown,no
31,services,married,secondary,no,447,no,no,cellular,4,jun,327,3,77,3,success,yes
48,services,divorced,primary,no,927,no,no,unknown,6,jun,201,6,-1,0,unknown,no
26,admin.,single,secondary,no,317,yes,no,unknown,3,jun,953,1,-1,0,unknown,no
40,blue-collar,married,secondary,no,8150,yes,no,unknown,15,may,347,1,-1,0,unknown,no
56,management,divorced,tertiary,no,2037,no,no,cellular,6,may,160,1,91,5,success,no
36,technician,married,secondary,no,432,yes,no,cellular,29,aug,65,2,-1,0,unknown,no
45,blue-collar,married,secondary,no,0,yes,no,unknown,26,may,112,2,-1,0,unknown,no
52,management,married,secondary,no,0,no,no,cellular,30,jul,249,3,-1,0,unknown,no
40,unemployed,divorced,secondary,no,452,no,no,cellular,20,nov,98,1,-1,0,unknown,no
39,management,married,tertiary,no,942,yes,no,cellular,13,may,564,2,265,4,other,no
41,blue-collar,married,unknown,no,665,yes,no,unknown,19,may,142,3,-1,0,unknown,no
59,management,divorced,tertiary,yes,0,no,no,cellular,22,may,239,1,-1,0,unknown,no
35,management,single,tertiary,no,642,no,no,cellular,8,may,278,1,-1,0,unknown,no
59,unemployed,married,primary,no,13836,no,no,telephone,20,nov,733,1,-1,0,unknown,no
49,admin.,married,secondary,no,880,yes,yes,cellular,18,may,22,3,-1,0,unknown,no
40,unemployed,married,secondary,no,1960,yes,no,unknown,2,jun,605,6,-1,0,unknown,yes
43,blue-collar,divorced,primary,no,3550,no,no,cellular,20,nov,1154,1,-1,0,unknown,yes
48,blue-collar,married,secondary,no,865,yes,no,cellular,13,may,78,2,-1,0,unknown,no
46,blue-collar,married,secondary,no,182,no,no,cellular,4,feb,56,1,-1,0,unknown,no
34,technician,single,secondary,no,112,no,no,cellular,20,aug,123,2,-1,0,unknown,no
39,admin.,married,secondary,no,732,no,no,cellular,23,apr,522,4,-1,0,unknown,yes
47,services,divorced,secondary,no,-1730,yes,yes,cellular,18,may,178,3,-1,0,unknown,no
39,blue-collar,married,primary,no,0,yes,no,unknown,4,jun,112,4,-1,0,unknown,no
33,blue-collar,married,primary,no,-132,yes,yes,cellular,18,may,170,6,-1,0,unknown,no
34,blue-collar,single,secondary,no,13408,no,no,cellular,1,apr,647,2,-1,0,unknown,no
59,retired,married,primary,no,-266,yes,yes,cellular,31,jul,266,11,-1,0,unknown,no
59,housemaid,married,primary,no,1071,no,no,unknown,19,jun,140,1,-1,0,unknown,no
39,management,married,tertiary,no,5142,no,no,cellular,3,jun,157,1,-1,0,unknown,no
32,services,divorced,secondary,no,130,yes,no,cellular,30,jan,194,3,-1,0,unknown,no
29,admin.,married,secondary,no,36,yes,no,unknown,28,may,126,1,-1,0,unknown,no
42,admin.,single,secondary,no,2790,yes,no,cellular,7,may,425,1,336,1,failure,no
43,admin.,married,secondary,no,264,yes,no,cellular,17,apr,113,2,-1,0,unknown,no
27,services,married,secondary,no,1304,no,no,cellular,30,jan,403,1,-1,0,unknown,no
39,blue-collar,married,primary,no,1411,yes,no,unknown,20,may,625,2,-1,0,unknown,no
29,management,married,tertiary,no,135,no,no,cellular,29,jul,225,4,-1,0,unknown,no
58,retired,married,secondary,no,158,yes,yes,cellular,2,feb,156,5,-1,0,unknown,no
44,blue-collar,married,secondary,no,1343,yes,yes,cellular,8,may,414,2,287,2,failure,no
49,management,married,tertiary,no,0,no,no,cellular,9,jul,87,1,-1,0,unknown,no
49,admin.,married,secondary,no,1677,no,no,unknown,5,jun,19,3,-1,0,unknown,no
38,technician,married,secondary,no,710,yes,no,cellular,17,apr,196,1,346,3,failure,no
41,blue-collar,married,primary,no,406,yes,no,unknown,9,may,2462,1,-1,0,unknown,no
30,admin.,single,secondary,no,3809,yes,no,unknown,3,jun,159,4,-1,0,unknown,no
36,technician,single,secondary,no,9068,yes,no,unknown,23,may,98,1,-1,0,unknown,no
36,entrepreneur,divorced,secondary,no,251,no,no,unknown,17,jun,59,6,-1,0,unknown,no
36,management,married,tertiary,no,2178,yes,no,cellular,14,may,75,3,-1,0,unknown,no
53,blue-collar,married,secondary,no,2531,yes,no,cellular,7,apr,413,1,-1,0,unknown,no
57,entrepreneur,married,tertiary,no,1681,no,no,cellular,25,jul,159,1,-1,0,unknown,no
55,unemployed,married,tertiary,no,457,yes,no,unknown,5,jun,61,3,-1,0,unknown,no
30,blue-collar,single,primary,no,296,no,no,telephone,5,feb,41,7,-1,0,unknown,no
59,retired,married,secondary,no,9976,yes,no,unknown,29,may,57,2,-1,0,unknown,no
50,management,single,tertiary,no,709,yes,no,cellular,8,may,207,1,-1,0,unknown,no
35,housemaid,married,secondary,no,495,no,no,cellular,14,aug,414,4,-1,0,unknown,no
39,management,married,secondary,no,1585,yes,no,cellular,30,jan,82,2,-1,0,unknown,no
41,blue-collar,married,secondary,no,140,yes,no,unknown,6,may,311,3,-1,0,unknown,no
30,blue-collar,single,secondary,no,574,no,no,cellular,5,feb,11,6,-1,0,unknown,no
33,self-employed,single,secondary,no,238,yes,yes,cellular,5,feb,45,5,-1,0,unknown,no
44,management,married,tertiary,no,226,yes,no,cellular,14,aug,190,3,270,3,failure,yes
30,technician,married,tertiary,no,2166,no,no,cellular,12,jan,316,2,-1,0,unknown,yes
26,blue-collar,single,primary,no,-579,yes,no,unknown,16,may,320,3,-1,0,unknown,no
39,blue-collar,married,secondary,no,1386,yes,yes,unknown,4,jun,193,2,-1,0,unknown,no
51,management,married,tertiary,no,22557,yes,no,telephone,23,jul,71,3,-1,0,unknown,no
28,admin.,married,secondary,no,1595,no,no,unknown,9,sep,1,1,254,4,success,no
32,self-employed,single,tertiary,no,1815,no,no,telephone,10,aug,235,1,102,2,failure,yes
31,technician,single,secondary,no,2846,no,no,cellular,8,aug,174,3,-1,0,unknown,no
31,technician,married,secondary,no,1032,yes,no,unknown,26,may,70,6,-1,0,unknown,no
31,admin.,single,secondary,no,423,no,no,cellular,11,aug,215,1,-1,0,unknown,no
42,self-employed,married,secondary,no,513,no,no,telephone,5,feb,98,1,-1,0,unknown,no
40,admin.,married,secondary,no,523,yes,yes,unknown,8,may,598,3,-1,0,unknown,no
35,technician,married,secondary,no,179,no,yes,cellular,20,aug,82,2,-1,0,unknown,no
46,management,married,tertiary,no,37378,yes,no,cellular,14,oct,146,1,518,1,failure,no
29,blue-collar,married,secondary,no,-114,yes,no,cellular,15,may,132,2,359,2,failure,no
41,self-employed,married,secondary,no,1,no,no,cellular,19,aug,55,4,-1,0,unknown,no
52,admin.,married,secondary,no,876,no,no,unknown,27,may,227,3,-1,0,unknown,no
59,entrepreneur,married,tertiary,no,705,yes,no,unknown,20,may,446,2,-1,0,unknown,no
71,technician,married,tertiary,no,383,no,no,cellular,27,oct,327,2,183,3,success,no
51,blue-collar,married,primary,no,2315,no,no,cellular,7,aug,111,2,-1,0,unknown,no
38,services,single,secondary,no,-196,yes,no,cellular,2,feb,60,1,271,1,failure,no
48,management,married,tertiary,no,4060,no,no,cellular,19,aug,331,2,-1,0,unknown,no
40,blue-collar,married,secondary,no,1023,yes,no,cellular,13,may,64,5,336,11,other,no
45,admin.,married,secondary,no,285,no,no,cellular,6,feb,8,5,-1,0,unknown,no
39,technician,single,tertiary,no,0,no,no,cellular,27,aug,147,4,-1,0,unknown,no
42,management,divorced,tertiary,no,245,no,no,cellular,14,aug,103,2,-1,0,unknown,no
31,technician,single,secondary,no,1282,no,no,cellular,12,may,144,1,460,2,failure,no
30,management,divorced,tertiary,no,415,yes,yes,cellular,6,may,984,1,343,4,failure,yes
35,management,single,tertiary,no,478,yes,no,cellular,14,may,107,1,265,2,failure,no
41,services,divorced,secondary,no,0,yes,no,cellular,9,jul,126,1,-1,0,unknown,no
45,management,married,unknown,no,169,no,no,cellular,5,feb,58,1,-1,0,unknown,no
40,services,married,secondary,no,1291,no,yes,unknown,12,jun,138,1,-1,0,unknown,no
53,services,married,primary,no,574,yes,no,unknown,20,may,121,2,-1,0,unknown,no
48,management,married,tertiary,no,291,yes,no,telephone,23,jul,350,2,-1,0,unknown,no
60,retired,divorced,primary,no,95,no,yes,unknown,27,jun,244,1,-1,0,unknown,no
48,management,divorced,tertiary,no,17964,yes,no,cellular,26,may,208,2,96,3,other,yes
32,blue-collar,married,secondary,no,-325,yes,yes,unknown,21,may,171,1,-1,0,unknown,no
